time,low,high,open,close
2019-12-01T00:00:00+00:00,7237.16,7555.92,7555.92,7375.47
2019-11-30T00:00:00+00:00,7453.0,7820.0,7759.99,7555.92
2019-11-29T00:00:00+00:00,7411.0,7870.1,7432.41,7760.0
2019-11-28T00:00:00+00:00,7370.62,7660.82,7524.73,7432.41
2019-11-27T00:00:00+00:00,6850.0,7678.76,7162.67,7523.72
2019-11-26T00:00:00+00:00,7021.84,7340.59,7127.01,7162.67
2019-11-25T00:00:00+00:00,6526.0,7379.99,6908.64,7127.01
2019-11-24T00:00:00+00:00,6865.0,7344.0,7329.29,6908.64
2019-11-23T00:00:00+00:00,7102.21,7361.41,7283.19,7329.29
2019-11-22T00:00:00+00:00,6775.47,7720.0,7616.48,7283.03
2019-11-21T00:00:00+00:00,7374.5,8114.97,8082.97,7616.46
2019-11-20T00:00:00+00:00,8030.05,8222.41,8123.36,8082.96
2019-11-19T00:00:00+00:00,7980.07,8197.82,8168.84,8123.36
2019-11-18T00:00:00+00:00,8015.0,8501.01,8501.0,8168.84
2019-11-17T00:00:00+00:00,8371.02,8637.01,8481.0,8500.01
2019-11-16T00:00:00+00:00,8423.0,8531.03,8457.48,8481.0
2019-11-15T00:00:00+00:00,8361.0,8773.22,8630.01,8457.48
2019-11-14T00:00:00+00:00,8558.01,8784.61,8758.34,8630.0
2019-11-13T00:00:00+00:00,8705.0,8838.8,8811.0,8758.34
2019-11-12T00:00:00+00:00,8556.56,8870.0,8721.53,8810.0
2019-11-11T00:00:00+00:00,8590.0,9067.34,9032.23,8721.54
2019-11-10T00:00:00+00:00,8731.43,9150.0,8807.89,9032.23
2019-11-09T00:00:00+00:00,8712.52,8873.48,8763.01,8807.89
2019-11-08T00:00:00+00:00,8660.0,9246.0,9198.85,8763.01
2019-11-07T00:00:00+00:00,9075.0,9375.16,9341.27,9198.84
2019-11-06T00:00:00+00:00,9253.66,9450.0,9322.09,9341.27
2019-11-05T00:00:00+00:00,9169.84,9474.89,9412.63,9322.09
2019-11-04T00:00:00+00:00,9127.0,9600.0,9206.52,9412.53
2019-11-03T00:00:00+00:00,9068.3,9380.0,9308.52,9206.52
2019-11-02T00:00:00+00:00,9210.0,9393.0,9253.09,9308.52
2019-11-01T00:00:00+00:00,9057.27,9299.99,9159.96,9253.12
2019-10-31T00:00:00+00:00,8950.0,9433.0,9164.45,9159.48
2019-10-30T00:00:00+00:00,8991.33,9431.36,9431.36,9164.44
2019-10-29T00:00:00+00:00,9068.19,9575.0,9225.06,9430.8
2019-10-28T00:00:00+00:00,9180.59,9939.69,9555.89,9226.5
2019-10-27T00:00:00+00:00,9102.33,9826.72,9259.98,9548.84
2019-10-26T00:00:00+00:00,8645.01,10540.49,8668.0,9259.78
2019-10-25T00:00:00+00:00,7389.91,8800.1,7430.87,8668.0
2019-10-24T00:00:00+00:00,7359.48,7509.99,7475.54,7430.87
2019-10-23T00:00:00+00:00,7296.44,8049.0,8024.0,7474.85
2019-10-22T00:00:00+00:00,7998.9,8317.14,8209.92,8024.72
2019-10-21T00:00:00+00:00,8156.0,8349.84,8235.94,8209.92
2019-10-20T00:00:00+00:00,7875.01,8309.0,7965.27,8236.12
2019-10-19T00:00:00+00:00,7873.46,8099.98,7954.15,7965.28
2019-10-18T00:00:00+00:00,7814.08,8117.77,8076.94,7954.16
2019-10-17T00:00:00+00:00,7937.01,8124.42,7995.81,8076.2
2019-10-16T00:00:00+00:00,7908.86,8171.59,8162.44,7993.54
2019-10-15T00:00:00+00:00,8085.65,8420.0,8355.0,8162.44
2019-10-14T00:00:00+00:00,8215.66,8409.0,8282.96,8355.0
2019-10-13T00:00:00+00:00,8146.47,8469.02,8309.03,8282.97
2019-10-12T00:00:00+00:00,8261.46,8425.0,8263.02,8309.03
2019-10-11T00:00:00+00:00,8226.0,8826.0,8587.49,8267.33
2019-10-10T00:00:00+00:00,8452.5,8660.0,8590.01,8587.5
2019-10-09T00:00:00+00:00,8121.0,8712.45,8180.0,8590.0
2019-10-08T00:00:00+00:00,8107.26,8342.97,8208.99,8180.0
2019-10-07T00:00:00+00:00,7762.35,8310.57,7859.79,8209.0
2019-10-06T00:00:00+00:00,7780.85,8176.18,8147.63,7859.79
2019-10-05T00:00:00+00:00,8020.2,8200.0,8156.68,8147.63
2019-10-04T00:00:00+00:00,8002.21,8241.35,8241.27,8156.67
2019-10-03T00:00:00+00:00,8059.22,8419.95,8381.72,8240.41
2019-10-02T00:00:00+00:00,8168.85,8391.0,8321.87,8381.72
2019-10-01T00:00:00+00:00,8200.0,8535.0,8304.95,8321.52
2019-09-30T00:00:00+00:00,7701.0,8393.23,8054.09,8304.96
2019-09-29T00:00:00+00:00,7902.96,8246.87,8217.47,8052.4
2019-09-28T00:00:00+00:00,8015.25,8343.0,8193.99,8217.47
2019-09-27T00:00:00+00:00,7861.02,8290.0,8060.0,8193.99
2019-09-26T00:00:00+00:00,7712.45,8464.08,8438.35,8060.0
2019-09-25T00:00:00+00:00,8222.01,8743.86,8530.01,8438.35
2019-09-24T00:00:00+00:00,8159.35,9777.16,9693.74,8530.01
2019-09-23T00:00:00+00:00,9609.37,10051.15,10026.79,9693.74
2019-09-22T00:00:00+00:00,9848.37,10097.0,9973.99,10026.8
2019-09-21T00:00:00+00:00,9917.34,10170.15,10168.85,9973.99
2019-09-20T00:00:00+00:00,10056.3,10309.84,10275.01,10168.85
2019-09-19T00:00:00+00:00,9585.86,10379.15,10156.22,10275.01
2019-09-18T00:00:00+00:00,10074.08,10258.0,10185.42,10155.26
2019-09-17T00:00:00+00:00,10135.44,10276.18,10262.54,10185.39
2019-09-16T00:00:00+00:00,10068.42,10379.98,10303.66,10262.54
2019-09-15T00:00:00+00:00,10263.39,10380.0,10360.01,10304.46
2019-09-14T00:00:00+00:00,10223.36,10439.0,10365.94,10360.25
2019-09-13T00:00:00+00:00,10157.0,10452.5,10423.85,10365.93
2019-09-12T00:00:00+00:00,10040.0,10460.0,10158.81,10423.72
2019-09-11T00:00:00+00:00,9851.97,10297.12,10093.0,10160.2
2019-09-10T00:00:00+00:00,9916.0,10389.26,10310.01,10093.01
2019-09-09T00:00:00+00:00,10059.99,10541.75,10401.13,10310.0
2019-09-08T00:00:00+00:00,10231.13,10595.0,10484.37,10398.97
2019-09-07T00:00:00+00:00,10304.52,10580.0,10308.9,10484.37
2019-09-06T00:00:00+00:00,10182.0,10939.34,10574.28,10308.92
2019-09-05T00:00:00+00:00,10452.15,10666.43,10581.84,10574.73
2019-09-04T00:00:00+00:00,10380.0,10833.14,10628.48,10581.84
2019-09-03T00:00:00+00:00,10280.0,10790.0,10381.26,10628.48
2019-09-02T00:00:00+00:00,9756.54,10486.77,9766.62,10381.26
2019-09-01T00:00:00+00:00,9539.58,9840.0,9600.86,9766.52
2019-08-31T00:00:00+00:00,9436.2,9707.48,9582.42,9600.86
2019-08-30T00:00:00+00:00,9337.97,9699.0,9494.8,9582.42
2019-08-29T00:00:00+00:00,9321.73,9717.03,9714.01,9495.0
2019-08-28T00:00:00+00:00,9522.93,10277.0,10171.95,9714.31
2019-08-27T00:00:00+00:00,10019.56,10379.87,10361.65,10171.85
2019-08-26T00:00:00+00:00,10140.9,10680.0,10142.0,10361.65
2019-08-25T00:00:00+00:00,9899.95,10374.85,10148.0,10138.72
2019-08-24T00:00:00+00:00,9886.26,10429.0,10413.45,10147.96
2019-08-23T00:00:00+00:00,10035.84,10478.0,10105.61,10410.85
2019-08-22T00:00:00+00:00,9759.0,10237.53,10133.34,10107.15
2019-08-21T00:00:00+00:00,9841.59,10800.0,10768.49,10130.0
2019-08-20T00:00:00+00:00,10555.7,10953.0,10917.94,10769.09
2019-08-19T00:00:00+00:00,10265.0,10938.76,10315.48,10920.0
2019-08-18T00:00:00+00:00,10066.66,10513.45,10217.99,10315.48
2019-08-17T00:00:00+00:00,9978.0,10475.82,10352.78,10217.79
2019-08-16T00:00:00+00:00,9739.99,10539.9,10300.01,10352.78
2019-08-15T00:00:00+00:00,9470.0,10445.0,10021.13,10300.01
2019-08-14T00:00:00+00:00,9888.88,10859.97,10854.92,10025.86
2019-08-13T00:00:00+00:00,10746.0,11438.39,11389.25,10854.92
2019-08-12T00:00:00+00:00,11222.4,11555.55,11540.76,11389.28
2019-08-11T00:00:00+00:00,11088.88,11585.0,11280.95,11540.76
2019-08-10T00:00:00+00:00,11170.0,11969.99,11860.62,11280.95
2019-08-09T00:00:00+00:00,11651.89,12040.0,11982.39,11856.1
2019-08-08T00:00:00+00:00,11451.0,12050.0,11983.41,11981.0
2019-08-07T00:00:00+00:00,11366.26,12147.0,11465.49,11975.03
2019-08-06T00:00:00+00:00,11187.0,12320.4,11811.75,11465.49
2019-08-05T00:00:00+00:00,10977.98,11950.0,10977.98,11819.49
2019-08-04T00:00:00+00:00,10572.0,11089.74,10822.09,10977.51
2019-08-03T00:00:00+00:00,10500.0,10922.08,10533.62,10820.76
2019-08-02T00:00:00+00:00,10321.42,10670.0,10404.41,10533.01
2019-08-01T00:00:00+00:00,9881.0,10497.0,10089.97,10405.94
2019-07-31T00:00:00+00:00,9570.01,10135.12,9589.01,10087.3
2019-07-30T00:00:00+00:00,9371.96,9839.83,9499.21,9589.01
2019-07-29T00:00:00+00:00,9356.75,9729.87,9533.0,9495.01
2019-07-28T00:00:00+00:00,9108.88,9669.11,9469.37,9533.0
2019-07-27T00:00:00+00:00,9292.0,10248.41,9843.0,9479.98
2019-07-26T00:00:00+00:00,9657.21,9898.03,9880.86,9843.0
2019-07-25T00:00:00+00:00,9734.58,10184.99,9772.59,9883.33
2019-07-24T00:00:00+00:00,9507.38,9919.08,9848.9,9772.6
2019-07-23T00:00:00+00:00,9800.23,10324.28,10324.13,9840.12
2019-07-22T00:00:00+00:00,10060.0,10688.14,10590.71,10323.39
2019-07-21T00:00:00+00:00,10320.0,10835.0,10761.03,10590.7
2019-07-20T00:00:00+00:00,10360.65,11112.31,10536.92,10761.03
2019-07-19T00:00:00+00:00,10111.0,10777.21,10652.76,10538.06
2019-07-18T00:00:00+00:00,9291.0,10799.0,9696.39,10649.07
2019-07-17T00:00:00+00:00,9071.0,9998.0,9429.8,9696.31
2019-07-16T00:00:00+00:00,9350.0,11040.0,10856.41,9422.72
2019-07-15T00:00:00+00:00,9857.27,11080.01,10190.91,10854.47
2019-07-14T00:00:00+00:00,10084.4,11467.27,11370.06,10185.03
2019-07-13T00:00:00+00:00,10814.4,11845.0,11797.53,11370.08
2019-07-12T00:00:00+00:00,11079.59,11950.0,11348.56,11802.0
2019-07-11T00:00:00+00:00,10933.0,12097.93,12097.48,11349.0
2019-07-10T00:00:00+00:00,11553.21,13202.63,12572.12,12097.96
2019-07-09T00:00:00+00:00,12105.32,12829.96,12293.39,12571.11
2019-07-08T00:00:00+00:00,11328.01,12395.0,11474.44,12293.53
2019-07-07T00:00:00+00:00,11084.31,11620.0,11237.77,11474.42
2019-07-06T00:00:00+00:00,10980.09,11723.6,10994.99,11237.77
2019-07-05T00:00:00+00:00,10761.8,11449.51,11137.87,11004.51
2019-07-04T00:00:00+00:00,11035.01,12064.26,11976.01,11136.0
2019-07-03T00:00:00+00:00,10829.19,12014.6,10829.19,11976.42
2019-07-02T00:00:00+00:00,9651.0,10925.0,10578.23,10829.18
2019-07-01T00:00:00+00:00,9953.0,11210.52,10761.26,10577.63
2019-06-30T00:00:00+00:00,10650.06,12200.0,11869.84,10761.26
2019-06-29T00:00:00+00:00,11318.94,12379.99,12360.42,11865.29
2019-06-28T00:00:00+00:00,10737.87,12444.77,11159.29,12360.45
2019-06-27T00:00:00+00:00,10300.0,13358.68,12927.44,11159.29
2019-06-26T00:00:00+00:00,11350.0,13868.44,11754.25,12927.44
2019-06-25T00:00:00+00:00,10997.0,11788.88,11030.8,11755.53
2019-06-24T00:00:00+00:00,10550.21,11091.97,10833.0,11032.32
2019-06-23T00:00:00+00:00,10490.0,11284.44,10666.87,10833.02
2019-06-22T00:00:00+00:00,10080.0,11215.89,10235.59,10666.86
2019-06-21T00:00:00+00:00,9531.21,10245.0,9531.21,10236.2
2019-06-20T00:00:00+00:00,9210.3,9599.0,9277.55,9531.21
2019-06-19T00:00:00+00:00,9035.75,9319.5,9078.48,9277.54
2019-06-18T00:00:00+00:00,8919.72,9359.48,9333.08,9078.48
2019-06-17T00:00:00+00:00,8975.78,9475.0,8975.78,9333.14
2019-06-16T00:00:00+00:00,8799.7,9388.0,8856.13,8975.0
2019-06-15T00:00:00+00:00,8588.7,8916.63,8697.45,8860.23
2019-06-14T00:00:00+00:00,8180.08,8738.92,8239.04,8697.46
2019-06-13T00:00:00+00:00,8048.75,8329.99,8176.03,8239.04
2019-06-12T00:00:00+00:00,7817.0,8292.43,7913.64,8176.02
2019-06-11T00:00:00+00:00,7702.83,8057.19,8015.7,7918.17
2019-06-10T00:00:00+00:00,7516.9,8097.35,7635.05,8015.69
2019-06-09T00:00:00+00:00,7508.77,7960.0,7930.14,7634.58
2019-06-08T00:00:00+00:00,7786.01,8059.99,7998.13,7930.14
2019-06-07T00:00:00+00:00,7756.79,8134.29,7805.0,7998.13
2019-06-06T00:00:00+00:00,7450.0,7874.68,7787.36,7805.0
2019-06-05T00:00:00+00:00,7570.0,7932.87,7671.07,7789.48
2019-06-04T00:00:00+00:00,7427.0,8104.95,8104.95,7670.96
2019-06-03T00:00:00+00:00,8030.46,8742.48,8736.55,8107.96
2019-06-02T00:00:00+00:00,8550.0,8834.0,8558.8,8736.55
2019-06-01T00:00:00+00:00,8452.21,8618.0,8554.06,8558.95
2019-05-31T00:00:00+00:00,8110.0,8580.0,8279.69,8554.06
2019-05-30T00:00:00+00:00,7972.0,9090.0,8662.44,8279.69
2019-05-29T00:00:00+00:00,8426.09,8760.43,8715.36,8662.44
2019-05-28T00:00:00+00:00,8545.0,8822.46,8772.29,8715.36
2019-05-27T00:00:00+00:00,8611.44,8947.88,8732.34,8772.29
2019-05-26T00:00:00+00:00,7881.7,8793.97,8063.68,8731.72
2019-05-25T00:00:00+00:00,7941.25,8149.0,8001.69,8063.81
2019-05-24T00:00:00+00:00,7794.73,8175.0,7878.16,8001.7
2019-05-23T00:00:00+00:00,7467.1,7984.9,7622.25,7881.98
2019-05-22T00:00:00+00:00,7506.12,8044.32,7951.69,7626.48
2019-05-21T00:00:00+00:00,7805.34,8112.99,7998.94,7951.7
2019-05-20T00:00:00+00:00,7570.31,8199.53,8194.34,7999.54
2019-05-19T00:00:00+00:00,7252.58,8315.0,7262.39,8200.0
2019-05-18T00:00:00+00:00,7204.42,7491.22,7363.85,7262.4
2019-05-17T00:00:00+00:00,6600.0,7940.75,7881.39,7363.69
2019-05-16T00:00:00+00:00,7660.74,8388.0,8203.33,7878.96
2019-05-15T00:00:00+00:00,7831.77,8308.16,7990.92,8203.32
2019-05-14T00:00:00+00:00,7621.27,8350.0,7822.88,7990.92
2019-05-13T00:00:00+00:00,6864.93,8195.0,6979.24,7824.93
2019-05-12T00:00:00+00:00,6755.0,7581.82,7215.02,6979.76
2019-05-11T00:00:00+00:00,6342.98,7464.13,6342.99,7219.95
2019-05-10T00:00:00+00:00,6108.81,6430.0,6153.09,6343.14
2019-05-09T00:00:00+00:00,5934.49,6171.1,5947.0,6153.09
2019-05-08T00:00:00+00:00,5656.26,5990.0,5748.47,5948.41
2019-05-07T00:00:00+00:00,5687.9,5974.51,5687.9,5748.45
2019-05-06T00:00:00+00:00,5564.93,5753.66,5715.86,5687.9
2019-05-05T00:00:00+00:00,5627.35,5782.22,5770.01,5715.86
2019-05-04T00:00:00+00:00,5512.0,5846.88,5657.41,5770.01
2019-05-03T00:00:00+00:00,5363.0,5796.93,5390.0,5657.4
2019-05-02T00:00:00+00:00,5306.09,5422.99,5321.15,5390.01
2019-05-01T00:00:00+00:00,5265.61,5358.39,5270.68,5321.15
2019-04-30T00:00:00+00:00,5126.25,5285.0,5148.25,5270.69
2019-04-29T00:00:00+00:00,5072.01,5189.54,5155.0,5148.25
2019-04-28T00:00:00+00:00,5101.0,5214.5,5171.9,5155.0
2019-04-27T00:00:00+00:00,5117.46,5221.24,5159.5,5170.6
2019-04-26T00:00:00+00:00,5041.14,5295.03,5134.82,5159.51
2019-04-25T00:00:00+00:00,4963.0,5512.12,5440.59,5134.81
2019-04-24T00:00:00+00:00,5374.0,5624.47,5532.75,5441.9
2019-04-23T00:00:00+00:00,5361.01,5650.01,5387.6,5532.75
2019-04-22T00:00:00+00:00,5250.45,5440.84,5297.64,5387.6
2019-04-21T00:00:00+00:00,5213.34,5349.16,5319.9,5297.64
2019-04-20T00:00:00+00:00,5260.24,5359.98,5290.37,5319.89
2019-04-19T00:00:00+00:00,5196.7,5359.47,5280.5,5290.36
2019-04-18T00:00:00+00:00,5222.26,5318.18,5227.0,5281.81
2019-04-17T00:00:00+00:00,5173.11,5272.32,5201.21,5227.0
2019-04-16T00:00:00+00:00,5016.45,5229.97,5029.99,5202.9
2019-04-15T00:00:00+00:00,4945.54,5193.01,5163.81,5029.99
2019-04-14T00:00:00+00:00,5013.81,5191.19,5065.02,5164.27
2019-04-13T00:00:00+00:00,5036.74,5123.28,5078.19,5066.22
2019-04-12T00:00:00+00:00,4901.99,5118.56,5040.11,5078.19
2019-04-11T00:00:00+00:00,4967.24,5342.74,5322.02,5041.3
2019-04-10T00:00:00+00:00,5164.49,5488.0,5187.21,5318.58
2019-04-09T00:00:00+00:00,5145.0,5287.0,5286.82,5187.21
2019-04-08T00:00:00+00:00,5132.28,5352.5,5194.76,5285.54
2019-04-07T00:00:00+00:00,5029.7,5270.33,5049.18,5194.79
2019-04-06T00:00:00+00:00,4925.0,5244.04,5040.95,5049.22
2019-04-05T00:00:00+00:00,4887.34,5066.59,4907.92,5040.66
2019-04-04T00:00:00+00:00,4778.0,5071.34,4975.13,4906.49
2019-04-03T00:00:00+00:00,4787.11,5345.0,4901.92,4975.97
2019-04-02T00:00:00+00:00,4132.02,5121.0,4137.01,4901.93
2019-04-01T00:00:00+00:00,4051.53,4149.5,4095.0,4137.0
2019-03-31T00:00:00+00:00,4077.01,4103.0,4094.14,4094.99
2019-03-30T00:00:00+00:00,4042.51,4131.87,4091.01,4094.14
2019-03-29T00:00:00+00:00,4007.78,4101.5,4011.98,4091.01
2019-03-28T00:00:00+00:00,3994.0,4026.54,4026.54,4011.17
2019-03-27T00:00:00+00:00,3914.9,4035.8,3922.41,4026.53
2019-03-26T00:00:00+00:00,3880.64,3923.9,3907.54,3921.45
2019-03-25T00:00:00+00:00,3858.0,3976.47,3969.52,3907.53
2019-03-24T00:00:00+00:00,3946.0,3982.45,3982.45,3969.52
2019-03-23T00:00:00+00:00,3960.25,3997.01,3983.77,3983.43
2019-03-22T00:00:00+00:00,3961.7,3998.01,3972.76,3983.78
2019-03-21T00:00:00+00:00,3915.14,4056.33,4032.68,3972.76
2019-03-20T00:00:00+00:00,3965.43,4044.82,4000.85,4031.85
2019-03-19T00:00:00+00:00,3952.08,4009.61,3969.68,4000.85
2019-03-18T00:00:00+00:00,3937.69,4015.7,3967.01,3970.5
2019-03-17T00:00:00+00:00,3936.3,3991.0,3990.0,3967.01
2019-03-16T00:00:00+00:00,3900.89,4037.47,3902.8,3990.0
2019-03-15T00:00:00+00:00,3846.79,3910.0,3853.95,3902.8
2019-03-14T00:00:00+00:00,3779.28,3900.0,3851.02,3853.95
2019-03-13T00:00:00+00:00,3827.5,3871.02,3860.0,3851.02
2019-03-12T00:00:00+00:00,3796.71,3875.33,3849.67,3860.0
2019-03-11T00:00:00+00:00,3817.01,3911.83,3900.93,3849.68
2019-03-10T00:00:00+00:00,3867.84,3917.0,3917.0,3900.92
2019-03-09T00:00:00+00:00,3834.59,3947.33,3842.62,3917.0
2019-03-08T00:00:00+00:00,3771.0,3910.88,3857.04,3843.12
2019-03-07T00:00:00+00:00,3830.79,3891.0,3851.89,3857.05
2019-03-06T00:00:00+00:00,3812.0,3894.7,3844.59,3851.89
2019-03-05T00:00:00+00:00,3692.36,3876.65,3700.02,3844.59
2019-03-04T00:00:00+00:00,3672.39,3804.99,3786.93,3700.72
2019-03-03T00:00:00+00:00,3763.62,3815.48,3809.7,3786.93
2019-03-02T00:00:00+00:00,3763.0,3818.08,3806.17,3809.7
2019-03-01T00:00:00+00:00,3791.31,3843.0,3792.14,3806.17
2019-02-28T00:00:00+00:00,3754.37,3910.0,3800.35,3792.14
2019-02-27T00:00:00+00:00,3655.0,3823.13,3799.49,3799.91
2019-02-26T00:00:00+00:00,3763.71,3826.37,3818.78,3799.48
2019-02-25T00:00:00+00:00,3731.09,3860.0,3734.23,3818.79
2019-02-24T00:00:00+00:00,3712.84,4188.79,4110.0,3734.22
2019-02-23T00:00:00+00:00,3911.3,4156.1,3942.02,4110.0
2019-02-22T00:00:00+00:00,3886.15,3956.43,3897.71,3942.02
2019-02-21T00:00:00+00:00,3869.45,3988.0,3939.0,3897.71
2019-02-20T00:00:00+00:00,3867.13,3967.19,3888.37,3938.99
2019-02-19T00:00:00+00:00,3841.54,3969.54,3867.0,3888.01
2019-02-18T00:00:00+00:00,3616.18,3917.0,3625.08,3867.0
2019-02-17T00:00:00+00:00,3557.43,3675.0,3582.37,3625.08
2019-02-16T00:00:00+00:00,3565.5,3607.36,3566.59,3582.37
2019-02-15T00:00:00+00:00,3545.89,3620.22,3561.49,3566.59
2019-02-14T00:00:00+00:00,3535.1,3589.0,3576.69,3561.5
2019-02-13T00:00:00+00:00,3562.98,3627.99,3588.06,3576.68
2019-02-12T00:00:00+00:00,3550.0,3618.77,3590.36,3588.06
2019-02-11T00:00:00+00:00,3579.38,3652.0,3648.85,3590.36
2019-02-10T00:00:00+00:00,3578.59,3654.28,3623.73,3648.84
2019-02-09T00:00:00+00:00,3597.0,3644.08,3622.0,3623.73
2019-02-08T00:00:00+00:00,3344.0,3711.0,3358.99,3621.99
2019-02-07T00:00:00+00:00,3352.01,3383.14,3366.01,3359.0
2019-02-06T00:00:00+00:00,3340.8,3441.0,3428.41,3367.36
2019-02-05T00:00:00+00:00,3400.0,3429.46,3409.57,3428.4
2019-02-04T00:00:00+00:00,3395.1,3435.0,3415.69,3409.57
2019-02-03T00:00:00+00:00,3386.45,3471.76,3468.43,3414.78
2019-02-02T00:00:00+00:00,3414.49,3483.25,3437.5,3468.43
2019-02-01T00:00:00+00:00,3369.62,3458.26,3411.5,3437.5
2019-01-31T00:00:00+00:00,3396.74,3473.4,3437.55,3411.5
2019-01-30T00:00:00+00:00,3372.97,3459.41,3395.74,3437.55
2019-01-29T00:00:00+00:00,3337.87,3438.4,3429.95,3397.42
2019-01-28T00:00:00+00:00,3374.01,3535.92,3531.02,3429.95
2019-01-27T00:00:00+00:00,3470.14,3562.9,3556.07,3531.02
2019-01-26T00:00:00+00:00,3540.0,3657.76,3562.17,3556.07
2019-01-25T00:00:00+00:00,3510.01,3578.79,3568.97,3562.17
2019-01-24T00:00:00+00:00,3530.1,3595.83,3553.01,3568.97
2019-01-23T00:00:00+00:00,3523.64,3614.47,3577.04,3553.01
2019-01-22T00:00:00+00:00,3425.0,3611.5,3531.75,3577.03
2019-01-21T00:00:00+00:00,3487.37,3568.95,3537.56,3531.76
2019-01-20T00:00:00+00:00,3481.01,3703.39,3683.5,3536.19
2019-01-19T00:00:00+00:00,3604.9,3765.9,3607.85,3682.65
2019-01-18T00:00:00+00:00,3580.16,3643.69,3640.64,3607.85
2019-01-17T00:00:00+00:00,3541.0,3657.0,3609.71,3640.65
2019-01-16T00:00:00+00:00,3572.52,3666.73,3580.19,3609.71
2019-01-15T00:00:00+00:00,3538.63,3684.38,3664.18,3580.76
2019-01-14T00:00:00+00:00,3509.24,3711.11,3514.24,3664.19
2019-01-13T00:00:00+00:00,3481.54,3641.86,3619.38,3514.24
2019-01-12T00:00:00+00:00,3557.29,3649.18,3634.73,3619.41
2019-01-11T00:00:00+00:00,3576.0,3699.99,3626.12,3635.69
2019-01-10T00:00:00+00:00,3560.0,4035.21,4004.13,3626.12
2019-01-09T00:00:00+00:00,3962.12,4042.2,3993.85,4004.12
2019-01-08T00:00:00+00:00,3943.36,4114.8,4005.97,3993.86
2019-01-07T00:00:00+00:00,3968.79,4070.0,4040.98,4006.01
2019-01-06T00:00:00+00:00,3756.01,4088.0,3799.99,4040.99
2019-01-05T00:00:00+00:00,3775.0,3874.12,3820.82,3798.62
2019-01-04T00:00:00+00:00,3730.0,3849.0,3787.57,3820.82
2019-01-03T00:00:00+00:00,3758.07,3893.8,3890.8,3787.57
2019-01-02T00:00:00+00:00,3770.07,3916.57,3826.1,3890.79
2019-01-01T00:00:00+00:00,3651.02,3841.17,3691.87,3826.1
2018-12-31T00:00:00+00:00,3625.0,3835.4,3829.0,3691.86
2018-12-30T00:00:00+00:00,3691.01,3863.06,3729.31,3829.0
2018-12-29T00:00:00+00:00,3706.0,3944.33,3887.58,3729.31
2018-12-28T00:00:00+00:00,3576.12,3971.58,3589.89,3888.06
2018-12-27T00:00:00+00:00,3567.0,3841.21,3809.88,3589.89
2018-12-26T00:00:00+00:00,3685.02,3849.2,3780.0,3809.88
2018-12-25T00:00:00+00:00,3675.86,4045.41,4034.0,3780.0
2018-12-24T00:00:00+00:00,3944.92,4239.37,3944.92,4034.0
2018-12-23T00:00:00+00:00,3903.6,4050.0,3981.24,3944.93
2018-12-22T00:00:00+00:00,3790.16,4005.0,3839.26,3980.46
2018-12-21T00:00:00+00:00,3775.0,4162.27,4075.33,3839.06
2018-12-20T00:00:00+00:00,3661.5,4175.0,3682.51,4075.34
2018-12-19T00:00:00+00:00,3637.17,3928.15,3667.76,3682.51
2018-12-18T00:00:00+00:00,3436.5,3688.0,3497.1,3667.77
2018-12-17T00:00:00+00:00,3184.28,3585.95,3194.99,3496.82
2018-12-16T00:00:00+00:00,3181.24,3258.0,3183.01,3195.0
2018-12-15T00:00:00+00:00,3128.89,3228.69,3195.71,3183.0
2018-12-14T00:00:00+00:00,3135.0,3294.9,3265.0,3195.71
2018-12-13T00:00:00+00:00,3227.96,3439.63,3430.24,3265.0
2018-12-12T00:00:00+00:00,3325.58,3486.16,3350.27,3430.24
2018-12-11T00:00:00+00:00,3293.49,3424.92,3410.15,3349.36
2018-12-10T00:00:00+00:00,3354.97,3590.71,3531.18,3410.15
2018-12-09T00:00:00+00:00,3367.79,3642.51,3401.0,3531.18
2018-12-08T00:00:00+00:00,3253.66,3495.0,3380.0,3401.0
2018-12-07T00:00:00+00:00,3212.0,3550.0,3433.3,3380.01
2018-12-06T00:00:00+00:00,3400.0,3849.0,3694.39,3433.26
2018-12-05T00:00:00+00:00,3660.0,3912.53,3901.84,3694.39
2018-12-04T00:00:00+00:00,3732.43,4035.1,3833.47,3901.84
2018-12-03T00:00:00+00:00,3741.95,4119.98,4102.8,3833.47
2018-12-02T00:00:00+00:00,4036.0,4266.0,4142.01,4103.19
2018-12-01T00:00:00+00:00,3910.08,4277.0,3976.01,4142.01
2018-11-30T00:00:00+00:00,3869.0,4297.71,4247.99,3976.0
2018-11-29T00:00:00+00:00,4077.88,4414.89,4224.86,4248.0
2018-11-28T00:00:00+00:00,3775.0,4365.0,3775.01,4225.03
2018-11-27T00:00:00+00:00,3562.9,3830.0,3731.01,3775.0
2018-11-26T00:00:00+00:00,3508.0,4076.25,3936.7,3731.32
2018-11-25T00:00:00+00:00,3456.78,4120.0,3775.0,3936.69
2018-11-24T00:00:00+00:00,3650.84,4370.78,4283.8,3774.99
2018-11-23T00:00:00+00:00,4085.73,4366.05,4268.18,4283.8
2018-11-22T00:00:00+00:00,4238.69,4589.0,4545.12,4265.36
2018-11-21T00:00:00+00:00,4239.01,4627.55,4349.24,4545.11
2018-11-20T00:00:00+00:00,4035.0,4889.0,4736.67,4349.23
2018-11-19T00:00:00+00:00,4670.05,5560.0,5560.0,4733.5
2018-11-18T00:00:00+00:00,5503.34,5665.0,5503.34,5560.0
2018-11-17T00:00:00+00:00,5450.83,5544.0,5512.26,5504.17
2018-11-16T00:00:00+00:00,5410.0,5609.91,5579.5,5512.24
2018-11-15T00:00:00+00:00,5188.0,5645.0,5605.01,5579.52
2018-11-14T00:00:00+00:00,5280.93,6293.38,6259.35,5605.46
2018-11-13T00:00:00+00:00,6252.5,6328.22,6327.87,6259.34
2018-11-12T00:00:00+00:00,6305.95,6383.59,6357.6,6327.87
2018-11-11T00:00:00+00:00,6271.15,6360.0,6347.42,6357.6
2018-11-10T00:00:00+00:00,6327.46,6374.0,6334.89,6347.42
2018-11-09T00:00:00+00:00,6305.0,6415.0,6406.24,6334.89
2018-11-08T00:00:00+00:00,6388.0,6511.88,6503.12,6406.24
2018-11-07T00:00:00+00:00,6448.5,6540.0,6448.5,6503.12
2018-11-06T00:00:00+00:00,6387.82,6449.65,6404.0,6448.5
2018-11-05T00:00:00+00:00,6372.0,6439.99,6423.29,6404.0
2018-11-04T00:00:00+00:00,6313.17,6464.15,6331.96,6423.28
2018-11-03T00:00:00+00:00,6315.91,6351.7,6349.8,6331.96
2018-11-02T00:00:00+00:00,6333.94,6378.77,6344.0,6349.8
2018-11-01T00:00:00+00:00,6293.44,6360.0,6304.18,6344.0
2018-10-31T00:00:00+00:00,6201.67,6353.24,6267.63,6304.18
2018-10-30T00:00:00+00:00,6240.54,6289.0,6266.0,6267.63
2018-10-29T00:00:00+00:00,6211.0,6414.99,6403.63,6266.0
2018-10-28T00:00:00+00:00,6380.01,6415.0,6409.11,6403.62
2018-10-27T00:00:00+00:00,6390.0,6421.76,6404.87,6409.12
2018-10-26T00:00:00+00:00,6383.54,6450.0,6395.58,6404.87
2018-10-25T00:00:00+00:00,6377.5,6422.0,6415.97,6395.58
2018-10-24T00:00:00+00:00,6395.13,6471.0,6395.13,6415.98
2018-10-23T00:00:00+00:00,6360.0,6411.5,6407.64,6395.14
2018-10-22T00:00:00+00:00,6377.77,6427.63,6415.87,6407.65
2018-10-21T00:00:00+00:00,6405.57,6452.87,6413.99,6415.88
2018-10-20T00:00:00+00:00,6369.0,6420.0,6382.99,6414.0
2018-10-19T00:00:00+00:00,6353.86,6409.61,6394.96,6382.99
2018-10-18T00:00:00+00:00,6355.0,6489.83,6443.69,6394.96
2018-10-17T00:00:00+00:00,6411.19,6459.99,6457.1,6443.7
2018-10-16T00:00:00+00:00,6375.0,6493.11,6440.43,6457.11
2018-10-15T00:00:00+00:00,6151.58,6810.0,6183.52,6440.42
2018-10-14T00:00:00+00:00,6151.0,6288.45,6196.01,6183.49
2018-10-13T00:00:00+00:00,6178.0,6212.0,6188.01,6196.0
2018-10-12T00:00:00+00:00,6111.97,6235.2,6154.68,6188.01
2018-10-11T00:00:00+00:00,6033.34,6524.56,6524.56,6154.69
2018-10-10T00:00:00+00:00,6445.48,6591.32,6589.48,6524.56
2018-10-09T00:00:00+00:00,6552.5,6612.86,6607.53,6589.48
2018-10-08T00:00:00+00:00,6545.63,6681.19,6569.99,6608.07
2018-10-07T00:00:00+00:00,6491.81,6585.01,6552.42,6570.0
2018-10-06T00:00:00+00:00,6536.0,6594.39,6593.94,6552.43
2018-10-05T00:00:00+00:00,6510.58,6641.0,6547.45,6593.94
2018-10-04T00:00:00+00:00,6454.38,6603.01,6466.03,6547.45
2018-10-03T00:00:00+00:00,6398.96,6507.95,6498.47,6466.03
2018-10-02T00:00:00+00:00,6452.0,6591.37,6572.83,6498.46
2018-10-01T00:00:00+00:00,6474.9,6639.33,6605.0,6572.83
2018-09-30T00:00:00+00:00,6523.0,6642.28,6581.0,6605.0
2018-09-29T00:00:00+00:00,6452.02,6620.01,6620.01,6581.0
2018-09-28T00:00:00+00:00,6528.13,6786.73,6680.01,6620.01
2018-09-27T00:00:00+00:00,6430.0,6734.79,6455.65,6680.01
2018-09-26T00:00:00+00:00,6380.62,6537.26,6435.0,6455.66
2018-09-25T00:00:00+00:00,6320.5,6582.1,6582.09,6436.89
2018-09-24T00:00:00+00:00,6555.99,6716.16,6696.99,6582.09
2018-09-23T00:00:00+00:00,6660.05,6777.0,6707.34,6696.99
2018-09-22T00:00:00+00:00,6628.01,6823.0,6750.0,6707.33
2018-09-21T00:00:00+00:00,6492.5,6777.1,6493.11,6750.0
2018-09-20T00:00:00+00:00,6337.0,6530.0,6386.95,6493.11
2018-09-19T00:00:00+00:00,6106.37,6511.0,6335.69,6386.94
2018-09-18T00:00:00+00:00,6228.0,6384.04,6250.71,6335.7
2018-09-17T00:00:00+00:00,6207.55,6529.75,6498.0,6250.7
2018-09-16T00:00:00+00:00,6323.68,6521.75,6518.68,6498.0
2018-09-15T00:00:00+00:00,6470.0,6565.0,6478.05,6518.68
2018-09-14T00:00:00+00:00,6378.05,6580.0,6485.99,6478.04
2018-09-13T00:00:00+00:00,6323.64,6530.0,6326.0,6485.99
2018-09-12T00:00:00+00:00,6191.1,6340.94,6282.53,6326.0
2018-09-11T00:00:00+00:00,6176.76,6405.0,6300.0,6282.53
2018-09-10T00:00:00+00:00,6221.49,6375.13,6235.02,6300.0
2018-09-09T00:00:00+00:00,6147.0,6450.0,6188.0,6235.01
2018-09-08T00:00:00+00:00,6116.0,6460.0,6395.01,6188.0
2018-09-07T00:00:00+00:00,6325.0,6530.0,6495.0,6395.01
2018-09-06T00:00:00+00:00,6272.73,6703.73,6687.96,6495.0
2018-09-05T00:00:00+00:00,6664.07,7384.0,7359.99,6687.96
2018-09-04T00:00:00+00:00,7229.94,7402.5,7256.48,7360.0
2018-09-03T00:00:00+00:00,7192.99,7339.52,7294.99,7256.98
2018-09-02T00:00:00+00:00,7130.0,7328.99,7191.07,7295.0
2018-09-01T00:00:00+00:00,7010.98,7275.0,7015.01,7191.08
2018-08-31T00:00:00+00:00,6884.49,7090.46,6983.0,7015.01
2018-08-30T00:00:00+00:00,6790.0,7048.66,7030.92,6983.0
2018-08-29T00:00:00+00:00,6907.42,7119.0,7071.01,7030.9
2018-08-28T00:00:00+00:00,6864.96,7128.0,6911.9,7071.01
2018-08-27T00:00:00+00:00,6654.13,6947.6,6709.98,6911.9
2018-08-26T00:00:00+00:00,6572.0,6773.0,6737.52,6709.98
2018-08-25T00:00:00+00:00,6668.0,6790.0,6690.88,6737.52
2018-08-24T00:00:00+00:00,6451.55,6725.0,6526.36,6690.88
2018-08-23T00:00:00+00:00,6348.69,6568.37,6359.99,6526.36
2018-08-22T00:00:00+00:00,6250.0,6890.65,6475.89,6359.99
2018-08-21T00:00:00+00:00,6249.12,6490.0,6258.74,6475.89
2018-08-20T00:00:00+00:00,6227.71,6525.0,6489.53,6258.74
2018-08-19T00:00:00+00:00,6328.45,6547.34,6396.63,6489.53
2018-08-18T00:00:00+00:00,6312.0,6613.23,6585.5,6396.64
2018-08-17T00:00:00+00:00,6290.39,6585.5,6315.9,6585.49
2018-08-16T00:00:00+00:00,6200.0,6475.01,6269.01,6315.9
2018-08-15T00:00:00+00:00,6189.0,6636.0,6195.0,6269.01
2018-08-14T00:00:00+00:00,5900.0,6258.32,6253.67,6195.01
2018-08-13T00:00:00+00:00,6139.57,6544.99,6316.0,6253.67
2018-08-12T00:00:00+00:00,6169.46,6482.0,6236.0,6316.01
2018-08-11T00:00:00+00:00,6003.0,6485.76,6146.01,6235.56
2018-08-10T00:00:00+00:00,6015.0,6584.8,6546.46,6146.01
2018-08-09T00:00:00+00:00,6177.51,6633.21,6282.5,6546.45
2018-08-08T00:00:00+00:00,6121.04,6718.22,6718.22,6282.5
2018-08-07T00:00:00+00:00,6647.07,7152.0,6938.0,6718.22
2018-08-06T00:00:00+00:00,6840.0,7163.0,7030.0,6938.0
2018-08-05T00:00:00+00:00,6880.0,7086.52,7005.0,7030.01
2018-08-04T00:00:00+00:00,6940.0,7495.0,7414.08,7005.0
2018-08-03T00:00:00+00:00,7285.0,7538.53,7533.92,7414.08
2018-08-02T00:00:00+00:00,7462.0,7707.54,7603.99,7533.92
2018-08-01T00:00:00+00:00,7437.0,7750.0,7727.28,7603.99
2018-07-31T00:00:00+00:00,7629.48,8173.57,8170.0,7727.27
2018-07-30T00:00:00+00:00,7850.0,8274.92,8216.33,8170.01
2018-07-29T00:00:00+00:00,8127.87,8289.96,8227.38,8216.34
2018-07-28T00:00:00+00:00,8065.0,8230.0,8182.64,8228.9
2018-07-27T00:00:00+00:00,7787.29,8276.55,7932.0,8184.21
2018-07-26T00:00:00+00:00,7840.0,8290.0,8157.15,7931.99
2018-07-25T00:00:00+00:00,8042.0,8482.84,8390.04,8157.15
2018-07-24T00:00:00+00:00,7695.99,8488.0,7720.08,8385.5
2018-07-23T00:00:00+00:00,7378.26,7809.0,7400.0,7720.09
2018-07-22T00:00:00+00:00,7327.75,7569.69,7408.0,7397.8
2018-07-21T00:00:00+00:00,7204.32,7444.77,7334.46,7408.0
2018-07-20T00:00:00+00:00,7259.76,7687.0,7470.01,7334.46
2018-07-19T00:00:00+00:00,7281.42,7581.0,7378.99,7470.01
2018-07-18T00:00:00+00:00,7229.89,7584.85,7315.0,7378.99
2018-07-17T00:00:00+00:00,6663.51,7472.5,6728.8,7315.01
2018-07-16T00:00:00+00:00,6330.3,6750.0,6348.73,6728.81
2018-07-15T00:00:00+00:00,6233.26,6385.35,6248.65,6348.73
2018-07-14T00:00:00+00:00,6187.0,6323.68,6216.29,6248.65
2018-07-13T00:00:00+00:00,6121.53,6335.09,6246.68,6216.29
2018-07-12T00:00:00+00:00,6075.01,6390.04,6390.04,6249.75
2018-07-11T00:00:00+00:00,6281.01,6400.0,6303.69,6390.04
2018-07-10T00:00:00+00:00,6279.0,6679.47,6664.01,6303.7
2018-07-09T00:00:00+00:00,6625.0,6815.82,6701.97,6664.01
2018-07-08T00:00:00+00:00,6671.0,6778.31,6753.29,6701.97
2018-07-07T00:00:00+00:00,6512.0,6843.26,6599.99,6753.28
2018-07-06T00:00:00+00:00,6452.2,6639.0,6532.96,6600.0
2018-07-05T00:00:00+00:00,6449.5,6700.0,6587.46,6532.95
2018-07-04T00:00:00+00:00,6411.51,6796.62,6502.62,6587.47
2018-07-03T00:00:00+00:00,6465.0,6673.99,6611.79,6502.62
2018-07-02T00:00:00+00:00,6270.01,6669.99,6349.5,6611.79
2018-07-01T00:00:00+00:00,6256.76,6424.14,6383.19,6349.5
2018-06-30T00:00:00+00:00,6185.0,6520.15,6202.36,6383.19
2018-06-29T00:00:00+00:00,5790.01,6300.0,5850.25,6202.36
2018-06-28T00:00:00+00:00,5816.6,6161.47,6132.16,5851.66
2018-06-27T00:00:00+00:00,5983.56,6175.43,6074.01,6132.17
2018-06-26T00:00:00+00:00,6006.39,6271.0,6246.01,6074.0
2018-06-25T00:00:00+00:00,6070.13,6340.01,6150.0,6246.01
2018-06-24T00:00:00+00:00,5777.0,6255.8,6178.29,6149.99
2018-06-23T00:00:00+00:00,6040.01,6250.0,6059.82,6178.29
2018-06-22T00:00:00+00:00,5921.21,6725.0,6719.01,6059.82
2018-06-21T00:00:00+00:00,6682.3,6787.0,6759.54,6719.01
2018-06-20T00:00:00+00:00,6557.66,6817.0,6736.41,6759.18
2018-06-19T00:00:00+00:00,6670.01,6829.06,6709.19,6736.41
2018-06-18T00:00:00+00:00,6385.0,6807.64,6447.15,6709.02
2018-06-17T00:00:00+00:00,6428.14,6570.01,6484.3,6447.16
2018-06-16T00:00:00+00:00,6330.0,6549.99,6391.21,6484.29
2018-06-15T00:00:00+00:00,6370.0,6660.0,6638.49,6391.22
2018-06-14T00:00:00+00:00,6269.0,6750.0,6302.32,6638.49
2018-06-13T00:00:00+00:00,6135.0,6618.95,6549.47,6302.31
2018-06-12T00:00:00+00:00,6450.0,6885.84,6881.0,6545.0
2018-06-11T00:00:00+00:00,6666.66,6913.83,6770.31,6881.0
2018-06-10T00:00:00+00:00,6652.0,7496.41,7496.41,6770.31
2018-06-09T00:00:00+00:00,7468.0,7680.0,7616.0,7496.4
2018-06-08T00:00:00+00:00,7536.58,7690.0,7684.93,7618.8
2018-06-07T00:00:00+00:00,7635.0,7747.0,7655.0,7684.93
2018-06-06T00:00:00+00:00,7484.0,7691.0,7612.51,7655.0
2018-06-05T00:00:00+00:00,7355.0,7677.5,7487.37,7612.51
2018-06-04T00:00:00+00:00,7447.61,7747.57,7706.37,7487.37
2018-06-03T00:00:00+00:00,7583.24,7777.0,7636.41,7706.37
2018-06-02T00:00:00+00:00,7440.0,7697.09,7514.32,7636.42
2018-06-01T00:00:00+00:00,7351.01,7599.99,7485.0,7514.32
2018-05-31T00:00:00+00:00,7340.0,7609.99,7380.0,7485.0
2018-05-30T00:00:00+00:00,7272.71,7557.78,7460.0,7380.01
2018-05-29T00:00:00+00:00,7058.0,7524.99,7107.94,7460.0
2018-05-28T00:00:00+00:00,7087.0,7444.8,7346.64,7107.94
2018-05-27T00:00:00+00:00,7229.01,7392.7,7337.94,7346.64
2018-05-26T00:00:00+00:00,7287.23,7640.46,7459.11,7337.95
2018-05-25T00:00:00+00:00,7326.94,7661.85,7584.15,7459.11
2018-05-24T00:00:00+00:00,7269.0,7734.99,7505.01,7584.15
2018-05-23T00:00:00+00:00,7433.19,8030.06,7987.7,7505.0
2018-05-22T00:00:00+00:00,7950.0,8400.0,8393.43,7987.7
2018-05-21T00:00:00+00:00,8309.23,8584.39,8516.86,8393.44
2018-05-20T00:00:00+00:00,8172.0,8600.0,8235.6,8516.86
2018-05-19T00:00:00+00:00,8152.54,8390.0,8238.51,8235.6
2018-05-18T00:00:00+00:00,7927.21,8280.0,8059.0,8238.51
2018-05-17T00:00:00+00:00,8001.0,8483.48,8344.01,8059.0
2018-05-16T00:00:00+00:00,8103.33,8500.0,8477.47,8344.0
2018-05-15T00:00:00+00:00,8420.45,8847.0,8670.0,8477.46
2018-05-14T00:00:00+00:00,8289.79,8880.01,8686.1,8670.0
2018-05-13T00:00:00+00:00,8345.0,8774.32,8474.31,8686.1
2018-05-12T00:00:00+00:00,8223.43,8658.57,8403.33,8475.0
2018-05-11T00:00:00+00:00,8351.0,9010.51,9010.51,8403.33
2018-05-10T00:00:00+00:00,9001.01,9386.32,9300.08,9010.51
2018-05-09T00:00:00+00:00,8960.0,9370.0,9177.81,9300.08
2018-05-08T00:00:00+00:00,9050.0,9463.13,9356.25,9177.82
2018-05-07T00:00:00+00:00,9162.85,9619.55,9600.0,9353.0
2018-05-06T00:00:00+00:00,9390.0,9880.0,9799.99,9600.0
2018-05-05T00:00:00+00:00,9660.28,9948.12,9685.0,9800.0
2018-05-04T00:00:00+00:00,9451.5,9745.0,9725.74,9685.0
2018-05-03T00:00:00+00:00,9131.0,9800.0,9190.47,9725.74
2018-05-02T00:00:00+00:00,8990.0,9251.05,9072.29,9190.48
2018-05-01T00:00:00+00:00,8831.21,9245.37,9243.83,9072.29
2018-04-30T00:00:00+00:00,9110.88,9447.0,9389.01,9243.83
2018-04-29T00:00:00+00:00,9179.99,9512.5,9329.99,9389.01
2018-04-28T00:00:00+00:00,8863.42,9447.0,8922.56,9329.99
2018-04-27T00:00:00+00:00,8910.0,9369.0,9272.12,8922.55
2018-04-26T00:00:00+00:00,8660.0,9318.0,8865.98,9272.11
2018-04-25T00:00:00+00:00,8602.43,9763.49,9645.0,8865.98
2018-04-24T00:00:00+00:00,8930.0,9728.56,8931.31,9645.1
2018-04-23T00:00:00+00:00,8775.1,8991.0,8795.0,8931.3
2018-04-22T00:00:00+00:00,8754.01,9015.0,8915.42,8795.01
2018-04-21T00:00:00+00:00,8610.7,9038.87,8866.27,8915.42
2018-04-20T00:00:00+00:00,8216.21,8932.57,8274.0,8866.27
2018-04-19T00:00:00+00:00,8101.47,8300.0,8152.05,8274.0
2018-04-18T00:00:00+00:00,7879.8,8243.99,7892.11,8152.05
2018-04-17T00:00:00+00:00,7822.0,8162.5,8048.92,7892.1
2018-04-16T00:00:00+00:00,7905.99,8398.98,8355.24,8048.93
2018-04-15T00:00:00+00:00,8003.11,8392.56,8003.12,8355.25
2018-04-14T00:00:00+00:00,7830.0,8150.0,7893.19,8003.11
2018-04-13T00:00:00+00:00,7760.0,8220.0,7915.99,7893.19
2018-04-12T00:00:00+00:00,6767.77,8050.0,6943.0,7916.0
2018-04-11T00:00:00+00:00,6806.01,6974.0,6825.0,6942.99
2018-04-10T00:00:00+00:00,6661.19,6893.29,6771.14,6824.99
2018-04-09T00:00:00+00:00,6617.0,7169.53,7020.01,6771.13
2018-04-08T00:00:00+00:00,6880.0,7099.99,6894.01,7020.01
2018-04-07T00:00:00+00:00,6605.08,7064.64,6619.01,6894.01
2018-04-06T00:00:00+00:00,6518.88,6847.0,6785.86,6619.01
2018-04-05T00:00:00+00:00,6568.64,6933.11,6791.68,6785.85
2018-04-04T00:00:00+00:00,6708.46,7424.91,7424.91,6791.68
2018-04-03T00:00:00+00:00,7016.8,7520.0,7045.01,7424.9
2018-04-02T00:00:00+00:00,6777.28,7100.0,6816.01,7045.01
2018-04-01T00:00:00+00:00,6450.0,7044.46,6928.5,6816.01
2018-03-31T00:00:00+00:00,6780.0,7200.0,6848.01,6928.5
2018-03-30T00:00:00+00:00,6600.0,7275.35,7080.0,6848.01
2018-03-29T00:00:00+00:00,6905.0,7957.0,7942.73,7080.0
2018-03-28T00:00:00+00:00,7727.76,8088.0,7793.61,7942.72
2018-03-27T00:00:00+00:00,7757.0,8219.99,8144.99,7793.61
2018-03-26T00:00:00+00:00,7854.0,8498.0,8453.0,8145.0
2018-03-25T00:00:00+00:00,8359.45,8670.0,8531.96,8453.0
2018-03-24T00:00:00+00:00,8508.0,8999.0,8927.8,8531.34
2018-03-23T00:00:00+00:00,8280.04,8927.81,8715.09,8927.1
2018-03-22T00:00:00+00:00,8467.27,9073.93,8891.81,8715.09
2018-03-21T00:00:00+00:00,8745.0,9174.0,8900.0,8891.81
2018-03-20T00:00:00+00:00,8316.15,9046.26,8589.0,8900.0
2018-03-19T00:00:00+00:00,8108.31,8757.5,8192.0,8589.0
2018-03-18T00:00:00+00:00,7310.0,8302.73,7857.59,8192.0
2018-03-17T00:00:00+00:00,7751.0,8349.82,8274.09,7857.6
2018-03-16T00:00:00+00:00,7911.0,8600.0,8260.0,8275.0
2018-03-15T00:00:00+00:00,7666.0,8400.0,8207.02,8259.99
2018-03-14T00:00:00+00:00,7931.0,9340.0,9145.42,8207.02
2018-03-13T00:00:00+00:00,8855.0,9472.88,9120.0,9145.41
2018-03-12T00:00:00+00:00,8780.49,9890.0,9533.88,9120.0
2018-03-11T00:00:00+00:00,8516.0,9760.0,8795.45,9533.88
2018-03-10T00:00:00+00:00,8720.08,9518.77,9255.0,8795.44
2018-03-09T00:00:00+00:00,8370.0,9410.0,9304.9,9255.0
2018-03-08T00:00:00+00:00,9050.0,10098.0,9925.0,9304.89
2018-03-07T00:00:00+00:00,9400.0,10894.0,10700.0,9925.0
2018-03-06T00:00:00+00:00,10565.85,11395.63,11371.5,10700.0
2018-03-05T00:00:00+00:00,11339.0,11645.74,11469.9,11377.54
2018-03-04T00:00:00+00:00,11041.0,11487.0,11432.51,11469.9
2018-03-03T00:00:00+00:00,11000.0,11494.57,11000.01,11432.5
2018-03-02T00:00:00+00:00,10765.0,11149.0,10895.93,11000.0
2018-03-01T00:00:00+00:00,10213.99,11075.0,10307.26,10895.92
2018-02-28T00:00:00+00:00,10263.0,11044.0,10556.3,10307.27
2018-02-27T00:00:00+00:00,10133.33,10845.07,10300.0,10566.57
2018-02-26T00:00:00+00:00,9404.0,10447.74,9600.0,10300.0
2018-02-25T00:00:00+00:00,9324.75,9850.0,9688.61,9597.99
2018-02-24T00:00:00+00:00,9372.72,10494.14,10144.99,9688.62
2018-02-23T00:00:00+00:00,9576.43,10390.77,9830.0,10144.99
2018-02-22T00:00:00+00:00,9715.27,10900.0,10453.83,9830.0
2018-02-21T00:00:00+00:00,10250.0,11279.99,11235.57,10454.27
2018-02-20T00:00:00+00:00,11000.0,11775.0,11140.0,11235.57
2018-02-19T00:00:00+00:00,10297.39,11274.11,10380.03,11140.0
2018-02-18T00:00:00+00:00,10159.0,11299.1,11121.5,10380.04
2018-02-17T00:00:00+00:00,10057.0,11149.0,10167.49,11121.5
2018-02-16T00:00:00+00:00,9729.58,10307.68,10031.23,10167.49
2018-02-15T00:00:00+00:00,9342.46,10249.81,9472.98,10031.23
2018-02-14T00:00:00+00:00,8520.0,9482.5,8520.01,9472.98
2018-02-13T00:00:00+00:00,8393.1,8925.0,8872.27,8520.01
2018-02-12T00:00:00+00:00,8072.99,8950.0,8073.0,8872.28
2018-02-11T00:00:00+00:00,7851.0,8547.49,8547.48,8072.99
2018-02-10T00:00:00+00:00,8155.0,9090.0,8671.0,8547.49
2018-02-09T00:00:00+00:00,7750.0,8700.0,8218.07,8671.01
2018-02-08T00:00:00+00:00,7550.0,8625.0,7575.76,8218.1
2018-02-07T00:00:00+00:00,7212.82,8650.0,7688.47,7575.75
2018-02-06T00:00:00+00:00,5873.0,7948.89,6905.2,7688.46
2018-02-05T00:00:00+00:00,6425.75,8349.16,8167.9,6905.19
2018-02-04T00:00:00+00:00,7859.0,9350.0,9227.8,8167.91
2018-02-03T00:00:00+00:00,8115.48,9499.0,8787.52,9240.0
2018-02-02T00:00:00+00:00,7540.0,9090.08,9014.22,8787.52
2018-02-01T00:00:00+00:00,8400.0,10166.25,10099.99,9014.23
2018-01-31T00:00:00+00:00,9601.02,10299.95,9995.0,10099.99
2018-01-30T00:00:00+00:00,9711.11,11150.0,11123.01,9995.0
2018-01-29T00:00:00+00:00,10840.0,11570.0,11536.0,11123.01
2018-01-28T00:00:00+00:00,11234.38,11697.24,11319.0,11536.0
2018-01-27T00:00:00+00:00,10850.0,11494.08,11086.88,11319.0
2018-01-26T00:00:00+00:00,10305.0,11570.0,11118.0,11086.89
2018-01-25T00:00:00+00:00,10851.0,11690.0,11356.8,11118.0
2018-01-24T00:00:00+00:00,10450.0,11450.0,10824.95,11356.79
2018-01-23T00:00:00+00:00,9945.0,11370.0,10766.7,10824.94
2018-01-22T00:00:00+00:00,10025.0,11849.0,11518.17,10766.7
2018-01-21T00:00:00+00:00,11118.0,12762.8,12762.8,11518.17
2018-01-20T00:00:00+00:00,11498.99,12985.55,11499.0,12762.8
2018-01-19T00:00:00+00:00,11050.0,11973.99,11305.53,11498.99
2018-01-18T00:00:00+00:00,10687.21,12123.1,11204.64,11305.53
2018-01-17T00:00:00+00:00,9005.0,12358.89,11570.01,11200.01
2018-01-16T00:00:00+00:00,9928.62,13643.66,13590.0,11570.01
2018-01-15T00:00:00+00:00,13416.0,14253.0,13656.23,13590.0
2018-01-14T00:00:00+00:00,13110.0,14332.85,14187.94,13656.23
2018-01-13T00:00:00+00:00,13792.25,14500.0,13820.0,14187.95
2018-01-12T00:00:00+00:00,12900.0,14080.83,13308.06,13820.0
2018-01-11T00:00:00+00:00,12800.01,14970.0,14875.17,13308.06
2018-01-10T00:00:00+00:00,13550.01,14875.18,14481.0,14875.18
2018-01-09T00:00:00+00:00,14230.0,15384.0,14993.73,14480.99
2018-01-08T00:00:00+00:00,14000.0,16275.0,16174.22,14993.74
2018-01-07T00:00:00+00:00,15755.01,17115.01,17099.0,16174.22
2018-01-06T00:00:00+00:00,16251.01,17174.0,16960.01,17098.99
2018-01-05T00:00:00+00:00,14819.78,17178.0,15145.0,16960.01
2018-01-04T00:00:00+00:00,14230.0,15400.0,15098.23,15144.99
2018-01-03T00:00:00+00:00,14628.0,15400.0,14781.52,15098.14
2018-01-02T00:00:00+00:00,13005.0,15275.0,13480.0,14781.51
2018-01-01T00:00:00+00:00,12952.5,13889.0,13863.14,13480.01
2017-12-31T00:00:00+00:00,12633.8,14280.26,12839.98,13863.13
2017-12-30T00:00:00+00:00,12500.0,14639.79,14565.04,12839.99
2017-12-29T00:00:00+00:00,14041.81,15105.34,14450.01,14565.05
2017-12-28T00:00:00+00:00,13500.0,15489.0,15360.01,14450.01
2017-12-27T00:00:00+00:00,14524.37,16490.0,15790.88,15367.08
2017-12-26T00:00:00+00:00,14171.98,16148.0,14171.99,15790.88
2017-12-25T00:00:00+00:00,13450.0,14774.0,14221.93,14171.98
2017-12-24T00:00:00+00:00,13210.0,15109.27,15075.89,14221.94
2017-12-23T00:00:00+00:00,13750.0,16261.0,14229.47,15075.89
2017-12-22T00:00:00+00:00,10400.0,15974.95,15758.8,14210.57
2017-12-21T00:00:00+00:00,15151.0,17364.57,16496.9,15758.8
2017-12-20T00:00:00+00:00,14001.0,17890.0,17838.73,16496.89
2017-12-19T00:00:00+00:00,16800.0,19099.0,19039.01,17838.73
2017-12-18T00:00:00+00:00,18200.0,19385.0,19378.99,19039.01
2017-12-17T00:00:00+00:00,19010.0,19891.99,19650.02,19378.99
2017-12-16T00:00:00+00:00,17630.0,19797.0,17738.68,19650.01
2017-12-15T00:00:00+00:00,16745.0,17899.0,16749.79,17738.67
2017-12-14T00:00:00+00:00,16256.0,17199.6,16689.62,16749.78
2017-12-13T00:00:00+00:00,15700.0,17900.0,17730.12,16689.61
2017-12-12T00:00:00+00:00,16375.0,18149.99,16885.76,17730.12
2017-12-11T00:00:00+00:00,15200.0,17493.0,15290.01,16885.76
2017-12-10T00:00:00+00:00,13501.0,16300.0,15309.99,15290.01
2017-12-09T00:00:00+00:00,13550.0,16499.0,16367.03,15309.98
2017-12-08T00:00:00+00:00,13788.99,17777.69,17390.01,16367.03
2017-12-07T00:00:00+00:00,13500.0,19697.0,14090.0,17390.01
2017-12-06T00:00:00+00:00,11717.5,14425.0,11718.34,14090.0
2017-12-05T00:00:00+00:00,11532.0,11875.0,11643.99,11718.35
2017-12-04T00:00:00+00:00,10950.0,11650.0,11290.0,11643.98
2017-12-03T00:00:00+00:00,10601.0,11891.0,10930.24,11290.0
2017-12-02T00:00:00+00:00,10701.0,11100.0,10869.85,10930.24
2017-12-01T00:00:00+00:00,9517.0,10937.0,9903.01,10869.84
2017-11-30T00:00:00+00:00,9135.6,10850.0,9920.81,9903.0
2017-11-29T00:00:00+00:00,8595.55,11485.0,9949.0,9935.98
2017-11-28T00:00:00+00:00,9705.99,9989.95,9768.71,9949.0
2017-11-27T00:00:00+00:00,9401.0,9795.0,9401.11,9768.71
2017-11-26T00:00:00+00:00,8795.5,9596.0,8795.5,9401.11
2017-11-25T00:00:00+00:00,8203.98,8795.5,8215.01,8795.5
2017-11-24T00:00:00+00:00,7900.0,8324.0,8031.16,8215.01
2017-11-23T00:00:00+00:00,8031.16,8274.98,8250.0,8031.16
2017-11-22T00:00:00+00:00,8103.13,8298.98,8109.0,8250.0
2017-11-21T00:00:00+00:00,7802.99,8375.0,8256.01,8109.0
2017-11-20T00:00:00+00:00,7969.0,8293.25,8031.83,8256.01
2017-11-19T00:00:00+00:00,7700.0,8098.62,7777.01,8031.82
2017-11-18T00:00:00+00:00,7502.0,7847.98,7714.7,7777.01
2017-11-17T00:00:00+00:00,7536.0,7988.5,7838.54,7714.71
2017-11-16T00:00:00+00:00,7130.0,7985.37,7294.0,7838.53
2017-11-15T00:00:00+00:00,6605.0,7349.0,6605.0,7294.0
2017-11-14T00:00:00+00:00,6450.0,6748.0,6535.87,6605.0
2017-11-13T00:00:00+00:00,5850.0,6841.45,5886.35,6535.87
2017-11-12T00:00:00+00:00,5511.11,6486.0,6346.64,5886.35
2017-11-11T00:00:00+00:00,6201.01,6894.99,6577.63,6346.7
2017-11-10T00:00:00+00:00,6426.0,7350.0,7156.0,6577.62
2017-11-09T00:00:00+00:00,7079.0,7470.01,7467.97,7156.0
2017-11-08T00:00:00+00:00,7031.66,7898.0,7128.99,7467.96
2017-11-07T00:00:00+00:00,6968.49,7232.84,6969.76,7126.63
2017-11-06T00:00:00+00:00,6900.73,7432.49,7391.95,6969.76
2017-11-05T00:00:00+00:00,7310.0,7630.0,7412.35,7392.0
2017-11-04T00:00:00+00:00,7011.1,7498.0,7170.01,7412.55
2017-11-03T00:00:00+00:00,6955.89,7449.99,7039.99,7170.01
2017-11-02T00:00:00+00:00,6759.0,7445.0,6783.69,7039.98
2017-11-01T00:00:00+00:00,6363.59,6784.0,6445.01,6783.69
2017-10-31T00:00:00+00:00,6095.96,6472.13,6124.16,6445.01
2017-10-30T00:00:00+00:00,6028.0,6200.0,6140.01,6124.16
2017-10-29T00:00:00+00:00,5728.0,6298.99,5752.01,6140.01
2017-10-28T00:00:00+00:00,5715.0,5894.0,5780.0,5752.01
2017-10-27T00:00:00+00:00,5708.8,5998.0,5891.61,5780.0
2017-10-26T00:00:00+00:00,5701.0,6000.0,5739.97,5891.61
2017-10-25T00:00:00+00:00,5376.71,5765.0,5525.43,5739.97
2017-10-24T00:00:00+00:00,5462.19,5906.0,5906.0,5525.43
2017-10-23T00:00:00+00:00,5650.98,6057.02,6005.05,5905.99
2017-10-22T00:00:00+00:00,5755.95,6082.3,6024.85,6005.05
2017-10-21T00:00:00+00:00,5868.26,6189.1,5989.1,6024.86
2017-10-20T00:00:00+00:00,5630.0,6063.99,5704.0,5989.1
2017-10-19T00:00:00+00:00,5529.44,5750.0,5574.02,5704.01
2017-10-18T00:00:00+00:00,5102.0,5600.0,5593.97,5574.44
2017-10-17T00:00:00+00:00,5525.0,5769.99,5754.9,5594.0
2017-10-16T00:00:00+00:00,5575.55,5785.3,5693.7,5754.9
2017-10-15T00:00:00+00:00,5455.5,5849.83,5819.13,5693.7
2017-10-14T00:00:00+00:00,5567.86,5839.8,5624.87,5819.13
2017-10-13T00:00:00+00:00,5390.0,5867.0,5440.0,5624.8
2017-10-12T00:00:00+00:00,4809.59,5440.92,4814.99,5440.0
2017-10-11T00:00:00+00:00,4720.21,4869.97,4750.0,4814.99
2017-10-10T00:00:00+00:00,4701.53,4925.65,4769.55,4750.0
2017-10-09T00:00:00+00:00,4561.0,4875.39,4603.5,4769.55
2017-10-08T00:00:00+00:00,4420.01,4612.0,4425.0,4603.49
2017-10-07T00:00:00+00:00,4320.0,4449.42,4363.0,4425.0
2017-10-06T00:00:00+00:00,4299.99,4407.0,4320.02,4362.99
2017-10-05T00:00:00+00:00,4150.01,4365.21,4214.84,4320.04
2017-10-04T00:00:00+00:00,4175.3,4344.0,4307.99,4214.84
2017-10-03T00:00:00+00:00,4240.0,4419.95,4392.71,4307.99
2017-10-02T00:00:00+00:00,4354.23,4470.0,4394.81,4392.71
2017-10-01T00:00:00+00:00,4256.92,4396.99,4339.01,4394.81
2017-09-30T00:00:00+00:00,4143.52,4356.28,4156.99,4339.0
2017-09-29T00:00:00+00:00,4015.17,4212.99,4189.42,4156.99
2017-09-28T00:00:00+00:00,4122.0,4269.95,4200.0,4189.42
2017-09-27T00:00:00+00:00,3880.36,4228.39,3885.09,4200.0
2017-09-26T00:00:00+00:00,3854.29,3960.0,3919.98,3885.09
2017-09-25T00:00:00+00:00,3669.01,3969.37,3669.01,3919.78
2017-09-24T00:00:00+00:00,3630.01,3789.36,3787.33,3669.01
2017-09-23T00:00:00+00:00,3580.0,3818.89,3619.01,3787.33
2017-09-22T00:00:00+00:00,3509.79,3767.77,3617.47,3619.01
2017-09-21T00:00:00+00:00,3571.0,3903.57,3872.07,3617.47
2017-09-20T00:00:00+00:00,3850.01,4044.0,3910.11,3872.06
2017-09-19T00:00:00+00:00,3850.44,4125.22,4100.0,3910.11
2017-09-18T00:00:00+00:00,3717.56,4130.0,3719.98,4100.0
2017-09-17T00:00:00+00:00,3475.64,3841.0,3726.51,3719.97
2017-09-16T00:00:00+00:00,3600.0,4042.98,3740.02,3726.51
2017-09-15T00:00:00+00:00,2975.01,3894.48,3249.99,3740.02
2017-09-14T00:00:00+00:00,3230.05,3923.0,3855.61,3250.4
2017-09-13T00:00:00+00:00,3726.0,4174.53,4164.52,3855.32
2017-09-12T00:00:00+00:00,4080.0,4375.37,4210.72,4164.52
2017-09-11T00:00:00+00:00,4111.14,4365.0,4251.36,4210.72
2017-09-10T00:00:00+00:00,4139.0,4349.99,4334.36,4251.36
2017-09-09T00:00:00+00:00,4180.0,4449.95,4350.0,4334.36
2017-09-08T00:00:00+00:00,4140.0,4679.99,4624.18,4350.0
2017-09-07T00:00:00+00:00,4475.01,4665.44,4616.18,4624.18
2017-09-06T00:00:00+00:00,4431.0,4692.0,4432.51,4616.18
2017-09-05T00:00:00+00:00,4242.38,4514.95,4498.46,4432.51
2017-09-04T00:00:00+00:00,4234.16,4628.05,4626.05,4498.25
2017-09-03T00:00:00+00:00,4524.0,4749.99,4642.39,4626.05
2017-09-02T00:00:00+00:00,4500.0,4980.0,4948.0,4649.99
2017-09-01T00:00:00+00:00,4706.0,4948.0,4743.94,4947.99
2017-08-31T00:00:00+00:00,4580.84,4769.03,4581.98,4743.94
2017-08-30T00:00:00+00:00,4500.55,4635.21,4599.01,4581.98
2017-08-29T00:00:00+00:00,4350.0,4656.83,4384.99,4599.0
2017-08-28T00:00:00+00:00,4200.0,4396.0,4343.5,4384.99
2017-08-27T00:00:00+00:00,4309.87,4392.0,4344.32,4340.11
2017-08-26T00:00:00+00:00,4260.01,4374.39,4360.0,4344.32
2017-08-25T00:00:00+00:00,4284.01,4453.9,4312.03,4360.0
2017-08-24T00:00:00+00:00,4112.76,4349.99,4142.5,4312.03
2017-08-23T00:00:00+00:00,4058.26,4247.88,4092.0,4143.49
2017-08-22T00:00:00+00:00,3583.46,4145.0,4002.0,4092.0
2017-08-21T00:00:00+00:00,3950.88,4089.99,4050.99,4002.0
2017-08-20T00:00:00+00:00,4044.52,4190.21,4157.41,4050.99
2017-08-19T00:00:00+00:00,4000.0,4186.1,4101.72,4157.41
2017-08-18T00:00:00+00:00,3960.47,4350.0,4280.01,4101.72
2017-08-17T00:00:00+00:00,4180.0,4469.0,4370.01,4280.01
2017-08-16T00:00:00+00:00,3928.82,4385.5,4159.93,4370.01
2017-08-15T00:00:00+00:00,3807.14,4434.42,4320.53,4159.93
2017-08-14T00:00:00+00:00,3985.01,4328.0,4060.47,4320.6
2017-08-13T00:00:00+00:00,3850.0,4200.0,3874.0,4060.47
2017-08-12T00:00:00+00:00,3622.87,3974.0,3656.14,3874.0
2017-08-11T00:00:00+00:00,3416.86,3725.0,3444.98,3656.15
2017-08-10T00:00:00+00:00,3317.0,3448.0,3342.8,3444.98
2017-08-09T00:00:00+00:00,3232.62,3428.29,3423.28,3342.8
2017-08-08T00:00:00+00:00,3349.91,3489.0,3398.23,3422.43
2017-08-07T00:00:00+00:00,3190.0,3416.0,3222.22,3398.23
2017-08-06T00:00:00+00:00,3150.0,3278.42,3243.5,3222.22
2017-08-05T00:00:00+00:00,2857.34,3335.0,2857.34,3243.49
2017-08-04T00:00:00+00:00,2760.0,2877.79,2787.05,2857.34
2017-08-03T00:00:00+00:00,2699.89,2799.0,2699.9,2787.02
2017-08-02T00:00:00+00:00,2650.0,2758.06,2731.6,2699.9
2017-08-01T00:00:00+00:00,2676.01,2925.0,2856.89,2732.59
2017-07-31T00:00:00+00:00,2700.0,2900.0,2723.99,2856.88
2017-07-30T00:00:00+00:00,2500.0,2739.98,2700.2,2723.99
2017-07-29T00:00:00+00:00,2656.0,2790.99,2786.07,2700.21
2017-07-28T00:00:00+00:00,2655.55,2825.11,2664.99,2786.07
2017-07-27T00:00:00+00:00,2514.1,2686.2,2525.98,2664.99
2017-07-26T00:00:00+00:00,2403.0,2614.0,2564.0,2525.99
2017-07-25T00:00:00+00:00,2449.69,2782.44,2761.68,2564.0
2017-07-24T00:00:00+00:00,2726.8,2799.2,2755.19,2762.26
2017-07-23T00:00:00+00:00,2691.0,2848.0,2825.27,2754.28
2017-07-22T00:00:00+00:00,2646.95,2869.88,2661.05,2825.27
2017-07-21T00:00:00+00:00,2608.27,2880.0,2873.45,2657.45
2017-07-20T00:00:00+00:00,2258.99,2957.0,2258.99,2873.48
2017-07-19T00:00:00+00:00,2216.0,2396.0,2307.48,2258.99
2017-07-18T00:00:00+00:00,2134.37,2393.43,2235.14,2308.15
2017-07-17T00:00:00+00:00,1909.58,2238.07,1911.79,2235.19
2017-07-16T00:00:00+00:00,1758.2,2043.94,1964.33,1911.78
2017-07-15T00:00:00+00:00,1964.31,2224.82,2217.02,1964.31
2017-07-14T00:00:00+00:00,2150.0,2349.28,2340.0,2217.24
2017-07-13T00:00:00+00:00,2308.14,2416.79,2384.35,2340.0
2017-07-12T00:00:00+00:00,2250.0,2415.0,2310.0,2383.42
2017-07-11T00:00:00+00:00,2265.0,2410.0,2330.93,2310.01
2017-07-10T00:00:00+00:00,2250.0,2523.0,2508.0,2331.05
2017-07-09T00:00:00+00:00,2500.0,2579.84,2560.84,2508.99
2017-07-08T00:00:00+00:00,2471.22,2563.5,2501.15,2561.11
2017-07-07T00:00:00+00:00,2472.0,2607.61,2604.89,2501.15
2017-07-06T00:00:00+00:00,2580.69,2623.54,2616.96,2604.84
2017-07-05T00:00:00+00:00,2551.06,2630.24,2602.0,2616.96
2017-07-04T00:00:00+00:00,2542.18,2636.1,2542.41,2602.0
2017-07-03T00:00:00+00:00,2479.75,2584.78,2515.37,2542.41
2017-07-02T00:00:00+00:00,2385.0,2545.0,2424.08,2516.66
2017-07-01T00:00:00+00:00,2400.0,2515.0,2455.19,2423.63
2017-06-30T00:00:00+00:00,2446.2,2554.01,2531.16,2455.19
2017-06-29T00:00:00+00:00,2506.1,2591.98,2553.13,2530.0
2017-06-28T00:00:00+00:00,2457.0,2605.0,2573.22,2553.12
2017-06-27T00:00:00+00:00,2264.0,2575.75,2407.91,2575.75
2017-06-26T00:00:00+00:00,2258.34,2563.9,2505.61,2407.91
2017-06-25T00:00:00+00:00,2430.05,2625.0,2574.86,2505.61
2017-06-24T00:00:00+00:00,2503.05,2718.37,2690.76,2574.84
2017-06-23T00:00:00+00:00,2665.0,2743.0,2679.93,2690.76
2017-06-22T00:00:00+00:00,2598.0,2724.69,2643.33,2679.99
2017-06-21T00:00:00+00:00,2559.51,2781.59,2725.11,2643.35
2017-06-20T00:00:00+00:00,2585.42,2776.95,2596.99,2725.08
2017-06-19T00:00:00+00:00,2481.92,2597.0,2515.25,2596.98
2017-06-18T00:00:00+00:00,2455.01,2670.0,2634.94,2515.25
2017-06-17T00:00:00+00:00,2413.96,2679.24,2480.44,2634.94
2017-06-16T00:00:00+00:00,2287.84,2524.65,2409.98,2480.43
2017-06-15T00:00:00+00:00,2050.0,2525.0,2432.21,2409.98
2017-06-14T00:00:00+00:00,2330.0,2827.0,2709.02,2432.21
2017-06-13T00:00:00+00:00,2649.47,2798.99,2654.36,2709.01
2017-06-12T00:00:00+00:00,2463.89,2999.99,2998.98,2655.71
2017-06-11T00:00:00+00:00,2881.0,2998.99,2931.16,2998.98
2017-06-10T00:00:00+00:00,2801.25,2942.04,2811.37,2931.15
2017-06-09T00:00:00+00:00,2786.2,2861.58,2799.76,2811.39
2017-06-08T00:00:00+00:00,2611.41,2808.78,2690.02,2799.73
2017-06-07T00:00:00+00:00,2598.7,2885.0,2871.29,2685.64
2017-06-06T00:00:00+00:00,2674.69,2938.55,2698.0,2871.29
2017-06-05T00:00:00+00:00,2517.02,2698.0,2521.43,2698.0
2017-06-04T00:00:00+00:00,2469.98,2556.1,2548.3,2521.36
2017-06-03T00:00:00+00:00,2448.0,2599.0,2478.99,2548.05
2017-06-02T00:00:00+00:00,2379.44,2478.99,2419.98,2478.99
2017-06-01T00:00:00+00:00,2302.0,2488.0,2303.61,2419.99
2017-05-31T00:00:00+00:00,2173.8,2338.91,2191.6,2303.29
2017-05-30T00:00:00+00:00,2112.31,2336.88,2279.18,2191.58
2017-05-29T00:00:00+00:00,2141.12,2357.86,2237.0,2279.48
2017-05-28T00:00:00+00:00,2099.86,2342.99,2099.99,2232.78
2017-05-27T00:00:00+00:00,1913.19,2353.35,2276.46,2099.99
2017-05-26T00:00:00+00:00,2052.01,2683.18,2362.17,2272.7
2017-05-25T00:00:00+00:00,2226.86,2806.0,2432.96,2355.0
2017-05-24T00:00:00+00:00,2266.51,2474.69,2272.74,2432.97
2017-05-23T00:00:00+00:00,2100.86,2283.0,2123.29,2272.75
2017-05-22T00:00:00+00:00,1975.0,2298.0,2056.99,2123.29
2017-05-21T00:00:00+00:00,1988.6,2102.68,2058.89,2057.0
2017-05-20T00:00:00+00:00,1970.04,2059.0,1976.22,2058.91
2017-05-19T00:00:00+00:00,1890.73,1980.0,1899.47,1976.23
2017-05-18T00:00:00+00:00,1800.0,1900.0,1813.23,1899.16
2017-05-17T00:00:00+00:00,1745.05,1840.0,1777.49,1813.23
2017-05-16T00:00:00+00:00,1690.14,1777.76,1747.81,1777.48
2017-05-15T00:00:00+00:00,1702.42,1802.99,1799.98,1747.81
2017-05-14T00:00:00+00:00,1763.33,1829.0,1791.7,1799.99
2017-05-13T00:00:00+00:00,1610.0,1792.96,1695.56,1792.73
2017-05-12T00:00:00+00:00,1651.01,1838.0,1837.98,1695.61
2017-05-11T00:00:00+00:00,1770.95,1889.0,1794.95,1837.93
2017-05-10T00:00:00+00:00,1691.3,1799.99,1720.24,1794.99
2017-05-09T00:00:00+00:00,1630.0,1794.7,1712.99,1720.43
2017-05-08T00:00:00+00:00,1608.0,1713.0,1611.1,1713.0
2017-05-07T00:00:00+00:00,1563.87,1618.31,1585.49,1609.57
2017-05-06T00:00:00+00:00,1551.3,1598.89,1551.3,1585.39
2017-05-05T00:00:00+00:00,1535.11,1630.0,1561.47,1551.3
2017-05-04T00:00:00+00:00,1482.06,1665.0,1533.0,1563.39
2017-05-03T00:00:00+00:00,1453.68,1533.0,1471.79,1533.0
2017-05-02T00:00:00+00:00,1426.51,1492.93,1436.5,1471.99
2017-05-01T00:00:00+00:00,1370.98,1466.69,1384.55,1436.5
2017-04-30T00:00:00+00:00,1334.02,1394.51,1364.98,1384.55
2017-04-29T00:00:00+00:00,1335.64,1369.5,1352.96,1365.43
2017-04-28T00:00:00+00:00,1300.2,1381.01,1349.77,1353.34
2017-04-27T00:00:00+00:00,1295.39,1360.0,1297.56,1349.26
2017-04-26T00:00:00+00:00,1279.5,1320.0,1281.18,1298.44
2017-04-25T00:00:00+00:00,1256.16,1287.0,1256.65,1281.16
2017-04-24T00:00:00+00:00,1246.31,1261.16,1251.91,1257.29
2017-04-23T00:00:00+00:00,1236.2,1254.0,1246.79,1251.98
2017-04-22T00:00:00+00:00,1221.51,1253.0,1249.98,1247.0
2017-04-21T00:00:00+00:00,1236.15,1258.77,1236.15,1249.99
2017-04-20T00:00:00+00:00,1212.01,1240.6,1214.22,1236.15
2017-04-19T00:00:00+00:00,1191.09,1215.32,1201.88,1214.21
2017-04-18T00:00:00+00:00,1189.76,1206.65,1190.95,1201.94
2017-04-17T00:00:00+00:00,1170.85,1197.6,1177.63,1189.91
2017-04-16T00:00:00+00:00,1171.7,1189.93,1178.84,1177.99
2017-04-15T00:00:00+00:00,0.06,1190.99,1173.13,1178.85
2017-04-14T00:00:00+00:00,1170.14,1196.92,1177.05,1173.74
2017-04-13T00:00:00+00:00,1148.98,1219.49,1214.68,1177.05
2017-04-12T00:00:00+00:00,1209.61,1227.86,1224.0,1214.17
2017-04-11T00:00:00+00:00,1200.0,1234.0,1210.0,1223.99
2017-04-10T00:00:00+00:00,1201.0,1219.78,1210.99,1210.0
2017-04-09T00:00:00+00:00,1175.8,1221.0,1184.5,1210.97
2017-04-08T00:00:00+00:00,1170.0,1198.0,1194.0,1184.5
2017-04-07T00:00:00+00:00,1175.26,1203.0,1192.29,1194.0
2017-04-06T00:00:00+00:00,1132.98,1206.97,1132.99,1192.3
2017-04-05T00:00:00+00:00,1114.9,1144.99,1143.98,1132.99
2017-04-04T00:00:00+00:00,1124.98,1164.14,1152.09,1143.99
2017-04-03T00:00:00+00:00,1112.24,1168.72,1113.23,1152.6
2017-04-02T00:00:00+00:00,1080.0,1119.0,1092.0,1113.99
2017-04-01T00:00:00+00:00,1071.45,1110.95,1088.99,1092.0
2017-03-31T00:00:00+00:00,1038.11,1094.49,1042.32,1088.99
2017-03-30T00:00:00+00:00,1022.0,1052.94,1043.09,1042.34
2017-03-29T00:00:00+00:00,1005.77,1058.16,1045.54,1043.27
2017-03-28T00:00:00+00:00,1016.25,1069.39,1042.27,1045.4
2017-03-27T00:00:00+00:00,961.1,1045.9,973.97,1042.08
2017-03-26T00:00:00+00:00,943.9,1005.0,963.72,973.08
2017-03-25T00:00:00+00:00,890.05,973.99,933.93,963.72
2017-03-24T00:00:00+00:00,920.1,1030.3,1025.13,934.87
2017-03-23T00:00:00+00:00,1013.0,1057.41,1038.94,1025.14
2017-03-22T00:00:00+00:00,985.17,1114.96,1114.42,1034.57
2017-03-21T00:00:00+00:00,1042.68,1120.0,1046.75,1114.42
2017-03-20T00:00:00+00:00,1011.0,1051.97,1019.1,1044.96
2017-03-19T00:00:00+00:00,961.59,1062.92,970.0,1019.49
2017-03-18T00:00:00+00:00,919.44,1096.0,1068.78,970.0
2017-03-17T00:00:00+00:00,1065.74,1175.11,1175.11,1069.57
2017-03-16T00:00:00+00:00,1117.77,1277.27,1263.55,1175.11
2017-03-15T00:00:00+00:00,1240.0,1264.55,1247.43,1263.0
2017-03-14T00:00:00+00:00,1213.55,1262.0,1245.5,1247.42
2017-03-13T00:00:00+00:00,1206.0,1249.0,1235.27,1245.49
2017-03-12T00:00:00+00:00,1150.0,1244.0,1188.11,1235.58
2017-03-11T00:00:00+00:00,1107.0,1219.0,1111.92,1188.11
2017-03-10T00:00:00+00:00,956.85,1360.0,1197.3,1109.01
2017-03-09T00:00:00+00:00,1131.11,1214.95,1150.22,1197.3
2017-03-08T00:00:00+00:00,1128.0,1246.0,1237.36,1150.22
2017-03-07T00:00:00+00:00,1050.0,1288.0,1284.99,1237.36
2017-03-06T00:00:00+00:00,1268.78,1288.0,1278.63,1284.99
2017-03-05T00:00:00+00:00,1247.11,1278.99,1273.94,1278.98
2017-03-04T00:00:00+00:00,1226.41,1294.48,1293.06,1273.97
2017-03-03T00:00:00+00:00,1255.61,1294.99,1269.17,1292.86
2017-03-02T00:00:00+00:00,1220.0,1298.61,1230.0,1269.17
2017-03-01T00:00:00+00:00,1085.71,1230.0,1194.53,1230.0
2017-02-28T00:00:00+00:00,1179.64,1214.94,1195.84,1195.08
2017-02-27T00:00:00+00:00,1176.0,1198.99,1184.91,1195.81
2017-02-26T00:00:00+00:00,1130.88,1187.33,1157.98,1184.91
2017-02-25T00:00:00+00:00,1110.0,1189.49,1186.91,1158.0
2017-02-24T00:00:00+00:00,1103.32,1221.93,1185.81,1186.91
2017-02-23T00:00:00+00:00,1128.22,1197.0,1129.87,1186.9
2017-02-22T00:00:00+00:00,1104.9,1140.0,1129.67,1128.71
2017-02-21T00:00:00+00:00,1081.95,1132.95,1089.98,1128.29
2017-02-20T00:00:00+00:00,1051.36,1095.0,1059.88,1089.82
2017-02-19T00:00:00+00:00,1051.26,1067.78,1062.14,1059.88
2017-02-18T00:00:00+00:00,1055.6,1073.8,1057.29,1062.15
2017-02-17T00:00:00+00:00,1036.29,1064.6,1038.95,1057.3
2017-02-16T00:00:00+00:00,1013.02,1041.88,1014.58,1038.94
2017-02-15T00:00:00+00:00,1007.66,1016.0,1013.92,1014.53
2017-02-14T00:00:00+00:00,992.27,1018.97,1002.88,1013.92
2017-02-13T00:00:00+00:00,985.68,1021.5,1009.99,1002.82
2017-02-12T00:00:00+00:00,1008.0,1018.88,1018.63,1010.0
2017-02-11T00:00:00+00:00,995.49,1023.89,1001.88,1018.65
2017-02-10T00:00:00+00:00,961.0,1008.0,993.58,1001.99
2017-02-09T00:00:00+00:00,925.0,1079.0,1057.22,994.24
2017-02-08T00:00:00+00:00,1016.49,1069.95,1053.95,1056.7
2017-02-07T00:00:00+00:00,1021.75,1058.26,1022.65,1053.96
2017-02-06T00:00:00+00:00,1014.64,1027.7,1016.32,1022.58
2017-02-05T00:00:00+00:00,1003.02,1036.3,1035.54,1016.32
2017-02-04T00:00:00+00:00,1001.8,1044.12,1018.48,1035.54
2017-02-03T00:00:00+00:00,994.34,1024.5,1008.4,1018.0
2017-02-02T00:00:00+00:00,978.74,1010.0,992.75,1008.38
2017-02-01T00:00:00+00:00,963.84,992.75,970.01,992.75
2017-01-31T00:00:00+00:00,922.94,972.3,923.26,970.01
2017-01-30T00:00:00+00:00,914.69,923.95,916.56,923.23
2017-01-29T00:00:00+00:00,915.0,927.47,924.69,916.54
2017-01-28T00:00:00+00:00,921.81,925.5,922.89,924.98
2017-01-27T00:00:00+00:00,911.0,924.47,917.02,922.63
2017-01-26T00:00:00+00:00,896.0,921.95,896.75,917.02
2017-01-25T00:00:00+00:00,886.99,903.98,887.0,896.0
2017-01-24T00:00:00+00:00,880.0,923.0,911.78,887.0
2017-01-23T00:00:00+00:00,910.63,931.33,929.45,910.7
2017-01-22T00:00:00+00:00,902.0,946.25,925.06,931.22
2017-01-21T00:00:00+00:00,891.28,930.0,894.31,925.06
2017-01-20T00:00:00+00:00,890.0,904.59,902.92,894.31
2017-01-19T00:00:00+00:00,883.08,907.0,887.98,902.92
2017-01-18T00:00:00+00:00,850.0,916.7,906.09,887.99
2017-01-17T00:00:00+00:00,830.1,909.0,834.4,906.0
2017-01-16T00:00:00+00:00,826.03,840.0,833.43,834.41
2017-01-15T00:00:00+00:00,819.0,835.0,828.0,833.31
2017-01-14T00:00:00+00:00,822.34,847.52,831.42,828.0
2017-01-13T00:00:00+00:00,782.85,835.01,812.25,831.42
2017-01-12T00:00:00+00:00,734.64,840.0,795.8,812.25
2017-01-11T00:00:00+00:00,765.0,923.98,906.81,795.77
2017-01-10T00:00:00+00:00,899.01,915.1,902.66,907.0
2017-01-09T00:00:00+00:00,886.42,923.58,922.04,902.66
2017-01-08T00:00:00+00:00,899.16,953.8,908.99,923.33
2017-01-07T00:00:00+00:00,802.07,910.0,895.78,909.0
2017-01-06T00:00:00+00:00,875.01,1033.85,1007.0,895.71
2017-01-05T00:00:00+00:00,880.0,1175.0,1131.1,1007.0
2017-01-04T00:00:00+00:00,1018.0,1147.0,1020.69,1130.3
2017-01-03T00:00:00+00:00,1006.71,1036.99,1011.52,1020.67
2017-01-02T00:00:00+00:00,990.52,1034.39,992.96,1011.45
2017-01-01T00:00:00+00:00,964.37,1000.0,973.37,992.95
2016-12-31T00:00:00+00:00,949.0,973.37,961.52,973.37
2016-12-30T00:00:00+00:00,930.3,970.51,970.51,960.81
2016-12-29T00:00:00+00:00,950.5,988.88,982.25,970.72
2016-12-28T00:00:00+00:00,923.95,983.46,925.28,982.17
2016-12-27T00:00:00+00:00,895.0,943.36,902.08,925.2
2016-12-26T00:00:00+00:00,890.0,908.24,895.94,902.09
2016-12-25T00:00:00+00:00,851.11,897.4,891.59,896.12
2016-12-24T00:00:00+00:00,880.1,918.19,917.28,891.5
2016-12-23T00:00:00+00:00,855.45,918.5,856.45,917.26
2016-12-22T00:00:00+00:00,832.38,875.75,834.15,856.02
2016-12-21T00:00:00+00:00,798.88,834.5,798.98,834.5
2016-12-20T00:00:00+00:00,788.58,799.21,791.0,798.99
2016-12-19T00:00:00+00:00,789.0,794.99,790.71,790.81
2016-12-18T00:00:00+00:00,787.19,791.96,788.98,790.72
2016-12-17T00:00:00+00:00,779.5,791.97,780.85,788.57
2016-12-16T00:00:00+00:00,774.8,785.0,776.16,780.98
2016-12-15T00:00:00+00:00,775.0,780.0,777.66,776.16
2016-12-14T00:00:00+00:00,773.2,781.8,776.65,777.66
2016-12-13T00:00:00+00:00,772.76,790.34,779.26,776.18
2016-12-12T00:00:00+00:00,770.88,782.0,771.05,778.94
2016-12-11T00:00:00+00:00,765.0,776.08,776.05,771.05
2016-12-10T00:00:00+00:00,770.0,776.99,773.15,775.87
2016-12-09T00:00:00+00:00,765.97,773.22,767.9,773.22
2016-12-08T00:00:00+00:00,761.71,772.82,764.34,767.89
2016-12-07T00:00:00+00:00,750.26,768.9,759.93,764.34
2016-12-06T00:00:00+00:00,752.0,761.58,752.01,759.8
2016-12-05T00:00:00+00:00,748.6,767.99,767.94,752.0
2016-12-04T00:00:00+00:00,762.83,769.76,766.86,767.99
2016-12-03T00:00:00+00:00,759.0,771.92,769.78,766.98
2016-12-02T00:00:00+00:00,753.53,780.0,754.0,769.25
2016-12-01T00:00:00+00:00,741.59,754.9,742.51,754.0
2016-11-30T00:00:00+00:00,729.17,745.0,732.44,742.69
2016-11-29T00:00:00+00:00,728.2,734.36,730.18,732.37
2016-11-28T00:00:00+00:00,729.0,736.44,729.24,729.77
2016-11-27T00:00:00+00:00,728.01,737.95,735.69,729.24
2016-11-26T00:00:00+00:00,726.0,739.98,739.51,735.7
2016-11-25T00:00:00+00:00,729.0,739.99,737.99,739.74
2016-11-24T00:00:00+00:00,727.0,743.99,741.51,737.99
2016-11-23T00:00:00+00:00,734.0,747.12,746.66,741.52
2016-11-22T00:00:00+00:00,726.38,748.77,736.39,746.66
2016-11-21T00:00:00+00:00,730.0,738.47,731.72,736.4
2016-11-20T00:00:00+00:00,715.0,753.81,750.77,731.99
2016-11-19T00:00:00+00:00,738.0,752.3,748.55,750.77
2016-11-18T00:00:00+00:00,728.89,751.0,729.61,748.54
2016-11-17T00:00:00+00:00,729.01,750.01,738.07,730.71
2016-11-16T00:00:00+00:00,710.0,743.8,711.92,739.85
2016-11-15T00:00:00+00:00,671.23,716.3,708.4,712.29
2016-11-14T00:00:00+00:00,695.07,708.57,704.01,708.32
2016-11-13T00:00:00+00:00,685.7,705.94,704.63,704.01
2016-11-12T00:00:00+00:00,702.42,716.99,716.56,704.53
2016-11-11T00:00:00+00:00,712.5,718.99,713.0,716.9
2016-11-10T00:00:00+00:00,705.84,723.61,721.0,712.91
2016-11-09T00:00:00+00:00,710.05,747.26,711.3,720.97
2016-11-08T00:00:00+00:00,704.16,716.45,706.41,711.15
2016-11-07T00:00:00+00:00,701.35,717.32,717.04,706.42
2016-11-06T00:00:00+00:00,705.86,719.83,706.98,717.02
2016-11-05T00:00:00+00:00,697.72,707.99,706.05,706.99
2016-11-04T00:00:00+00:00,683.8,708.33,690.0,706.32
2016-11-03T00:00:00+00:00,672.06,746.16,744.61,690.0
2016-11-02T00:00:00+00:00,720.0,744.6,730.7,744.6
2016-11-01T00:00:00+00:00,695.74,737.5,697.07,730.7
2016-10-31T00:00:00+00:00,681.01,709.68,697.39,696.9
2016-10-30T00:00:00+00:00,692.04,714.98,714.28,697.41
2016-10-29T00:00:00+00:00,689.39,725.64,689.95,714.28
2016-10-28T00:00:00+00:00,683.2,691.19,691.01,689.95
2016-10-27T00:00:00+00:00,673.54,692.41,674.0,691.21
2016-10-26T00:00:00+00:00,652.51,678.0,654.3,674.0
2016-10-25T00:00:00+00:00,648.99,657.5,649.98,654.3
2016-10-24T00:00:00+00:00,645.81,652.93,651.05,649.98
2016-10-23T00:00:00+00:00,645.33,655.8,653.03,651.04
2016-10-22T00:00:00+00:00,629.32,658.0,630.67,652.75
2016-10-21T00:00:00+00:00,627.5,633.41,628.19,630.83
2016-10-20T00:00:00+00:00,626.01,629.99,629.79,628.05
2016-10-19T00:00:00+00:00,625.6,636.99,635.12,629.79
2016-10-18T00:00:00+00:00,632.15,640.0,639.56,635.11
2016-10-17T00:00:00+00:00,636.27,643.47,642.1,639.56
2016-10-16T00:00:00+00:00,637.87,643.91,638.16,641.92
2016-10-15T00:00:00+00:00,636.0,639.99,638.03,638.16
2016-10-14T00:00:00+00:00,624.08,639.99,635.8,638.03
2016-10-13T00:00:00+00:00,632.0,639.85,635.9,635.66
2016-10-12T00:00:00+00:00,631.91,643.58,642.3,635.79
2016-10-11T00:00:00+00:00,618.13,647.03,618.72,642.12
2016-10-10T00:00:00+00:00,615.46,619.2,617.43,618.72
2016-10-09T00:00:00+00:00,617.0,619.59,619.46,617.42
2016-10-08T00:00:00+00:00,617.55,620.0,618.11,619.5
2016-10-07T00:00:00+00:00,609.89,618.7,611.78,617.98
2016-10-06T00:00:00+00:00,610.3,613.39,613.16,611.88
2016-10-05T00:00:00+00:00,609.22,614.24,610.33,613.16
2016-10-04T00:00:00+00:00,606.93,613.23,612.99,610.34
2016-10-03T00:00:00+00:00,610.7,615.24,612.42,612.99
2016-10-02T00:00:00+00:00,608.66,615.9,615.65,612.4
2016-10-01T00:00:00+00:00,608.98,617.19,608.99,615.65
2016-09-30T00:00:00+00:00,605.0,608.99,605.99,608.99
2016-09-29T00:00:00+00:00,603.56,606.89,604.96,605.99
2016-09-28T00:00:00+00:00,603.18,606.0,605.71,605.04
2016-09-27T00:00:00+00:00,601.38,607.54,607.04,605.71
2016-09-26T00:00:00+00:00,600.02,607.99,601.67,607.08
2016-09-25T00:00:00+00:00,599.42,605.99,603.69,601.67
2016-09-24T00:00:00+00:00,601.08,605.94,602.96,603.68
2016-09-23T00:00:00+00:00,595.14,603.3,595.99,602.96
2016-09-22T00:00:00+00:00,594.78,598.54,597.0,596.21
2016-09-21T00:00:00+00:00,592.63,605.6,605.6,597.0
2016-09-20T00:00:00+00:00,605.6,609.92,608.6,605.6
2016-09-19T00:00:00+00:00,607.4,612.46,611.4,608.6
2016-09-18T00:00:00+00:00,607.22,611.93,607.92,611.4
2016-09-17T00:00:00+00:00,604.0,608.99,607.95,607.92
2016-09-16T00:00:00+00:00,603.15,608.1,605.43,607.93
2016-09-15T00:00:00+00:00,603.33,609.49,608.47,605.44
2016-09-14T00:00:00+00:00,608.0,611.99,608.39,608.43
2016-09-13T00:00:00+00:00,605.16,609.99,606.86,608.63
2016-09-12T00:00:00+00:00,603.0,609.45,607.94,606.74
2016-09-11T00:00:00+00:00,591.8,630.11,623.58,607.94
2016-09-10T00:00:00+00:00,620.59,626.54,622.07,623.74
2016-09-09T00:00:00+00:00,618.25,628.69,627.97,622.07
2016-09-08T00:00:00+00:00,613.43,631.3,615.22,627.97
2016-09-07T00:00:00+00:00,609.21,618.53,612.99,615.21
2016-09-06T00:00:00+00:00,605.47,612.99,605.93,612.99
2016-09-05T00:00:00+00:00,601.63,611.99,611.94,605.69
2016-09-04T00:00:00+00:00,597.52,617.13,600.93,611.92
2016-09-03T00:00:00+00:00,574.67,600.99,576.41,600.91
2016-09-02T00:00:00+00:00,570.0,577.97,572.94,576.21
2016-09-01T00:00:00+00:00,568.12,573.31,572.89,573.02
2016-08-31T00:00:00+00:00,569.21,575.15,574.95,572.89
2016-08-30T00:00:00+00:00,572.53,576.83,573.21,574.95
2016-08-29T00:00:00+00:00,571.24,577.73,575.41,573.21
2016-08-28T00:00:00+00:00,569.65,575.41,570.83,575.41
2016-08-27T00:00:00+00:00,568.95,579.45,579.29,570.84
2016-08-26T00:00:00+00:00,574.85,579.86,575.57,579.29
2016-08-25T00:00:00+00:00,573.12,579.0,578.68,575.58
2016-08-24T00:00:00+00:00,575.29,582.68,582.39,578.47
2016-08-23T00:00:00+00:00,577.47,586.77,585.19,582.39
2016-08-22T00:00:00+00:00,579.22,586.99,581.34,585.2
2016-08-21T00:00:00+00:00,579.34,583.99,581.72,581.29
2016-08-20T00:00:00+00:00,572.38,583.92,573.68,581.87
2016-08-19T00:00:00+00:00,572.68,576.99,574.05,573.67
2016-08-18T00:00:00+00:00,573.0,576.99,574.45,574.09
2016-08-17T00:00:00+00:00,569.67,581.99,579.02,574.45
2016-08-16T00:00:00+00:00,566.09,581.99,567.85,579.02
2016-08-15T00:00:00+00:00,561.56,574.97,574.97,567.79
2016-08-14T00:00:00+00:00,565.19,586.49,586.45,574.99
2016-08-13T00:00:00+00:00,586.0,589.5,587.68,586.45
2016-08-12T00:00:00+00:00,583.62,590.09,587.9,587.74
2016-08-11T00:00:00+00:00,585.6,599.99,594.94,587.91
2016-08-10T00:00:00+00:00,583.29,601.09,586.75,594.94
2016-08-09T00:00:00+00:00,585.38,594.04,591.58,586.45
2016-08-08T00:00:00+00:00,590.0,595.99,595.14,591.48
2016-08-07T00:00:00+00:00,587.2,598.65,591.7,595.14
2016-08-06T00:00:00+00:00,574.5,591.72,583.0,591.71
2016-08-05T00:00:00+00:00,570.39,592.87,587.5,583.0
2016-08-04T00:00:00+00:00,562.11,599.95,573.35,587.5
2016-08-03T00:00:00+00:00,519.3,576.0,538.8,573.36
2016-08-02T00:00:00+00:00,483.0,613.38,604.87,537.47
2016-08-01T00:00:00+00:00,599.0,629.34,626.97,605.2
2016-07-31T00:00:00+00:00,621.37,657.0,655.95,626.97
2016-07-30T00:00:00+00:00,652.95,658.98,657.18,655.87
2016-07-29T00:00:00+00:00,651.0,659.0,657.4,657.0
2016-07-28T00:00:00+00:00,654.1,659.97,657.0,657.4
2016-07-27T00:00:00+00:00,646.56,658.99,654.06,657.35
2016-07-26T00:00:00+00:00,645.0,658.99,657.99,654.06
2016-07-25T00:00:00+00:00,653.77,664.13,660.92,657.79
2016-07-24T00:00:00+00:00,655.01,666.37,657.68,661.0
2016-07-23T00:00:00+00:00,653.92,662.35,654.7,657.5
2016-07-22T00:00:00+00:00,647.59,669.94,667.27,654.67
2016-07-21T00:00:00+00:00,661.19,668.4,667.15,667.28
2016-07-20T00:00:00+00:00,664.6,674.99,673.98,666.92
2016-07-19T00:00:00+00:00,666.17,676.87,675.51,673.98
2016-07-18T00:00:00+00:00,670.0,684.94,680.0,675.5
2016-07-17T00:00:00+00:00,665.95,680.99,666.3,680.0
2016-07-16T00:00:00+00:00,662.01,669.99,667.48,666.32
2016-07-15T00:00:00+00:00,660.68,669.98,661.4,667.48
2016-07-14T00:00:00+00:00,640.0,663.99,655.3,661.65
2016-07-13T00:00:00+00:00,654.86,671.45,666.25,655.34
2016-07-12T00:00:00+00:00,648.6,675.5,651.25,666.56
2016-07-11T00:00:00+00:00,648.11,664.27,652.43,650.97
2016-07-10T00:00:00+00:00,641.0,657.61,657.6,652.44
2016-07-09T00:00:00+00:00,608.0,667.3,667.07,657.61
2016-07-08T00:00:00+00:00,638.04,667.33,641.97,667.33
2016-07-07T00:00:00+00:00,611.94,683.44,678.79,641.97
2016-07-06T00:00:00+00:00,665.0,680.79,669.75,678.79
2016-07-05T00:00:00+00:00,662.51,682.37,681.98,669.87
2016-07-04T00:00:00+00:00,653.16,683.69,664.09,681.98
2016-07-03T00:00:00+00:00,651.0,705.25,705.25,663.55
2016-07-02T00:00:00+00:00,676.92,705.21,678.09,704.95
2016-07-01T00:00:00+00:00,667.0,688.99,673.5,678.19
2016-06-30T00:00:00+00:00,635.14,675.0,639.41,673.49
2016-06-29T00:00:00+00:00,630.02,648.43,648.43,639.42
2016-06-28T00:00:00+00:00,638.0,663.53,657.86,648.43
2016-06-27T00:00:00+00:00,630.0,659.98,638.56,657.87
2016-06-26T00:00:00+00:00,625.01,675.19,673.71,638.56
2016-06-25T00:00:00+00:00,650.0,699.0,669.98,673.71
2016-06-24T00:00:00+00:00,631.01,700.0,631.1,669.98
2016-06-23T00:00:00+00:00,544.13,637.89,606.13,631.1
2016-06-22T00:00:00+00:00,568.11,679.99,667.88,604.5
2016-06-21T00:00:00+00:00,628.6,718.26,706.47,667.66
2016-06-20T00:00:00+00:00,701.01,768.94,768.94,703.12
2016-06-19T00:00:00+00:00,744.77,771.92,759.0,768.76
2016-06-18T00:00:00+00:00,734.8,785.15,752.0,758.99
2016-06-17T00:00:00+00:00,709.01,778.5,769.71,752.26
2016-06-16T00:00:00+00:00,698.76,777.68,698.76,769.76
2016-06-15T00:00:00+00:00,673.0,699.3,684.99,698.78
2016-06-14T00:00:00+00:00,650.02,706.45,706.02,684.95
2016-06-13T00:00:00+00:00,663.55,720.0,677.45,706.01
2016-06-12T00:00:00+00:00,605.0,687.71,609.5,677.86
2016-06-11T00:00:00+00:00,580.31,610.0,580.31,609.5
2016-06-10T00:00:00+00:00,573.5,581.0,577.47,580.31
2016-06-09T00:00:00+00:00,574.0,583.48,583.19,577.46
2016-06-08T00:00:00+00:00,572.96,583.99,579.72,583.21
2016-06-07T00:00:00+00:00,475.0,590.95,586.75,579.71
2016-06-06T00:00:00+00:00,575.0,588.15,575.17,586.77
2016-06-05T00:00:00+00:00,570.22,585.0,576.31,575.17
2016-06-04T00:00:00+00:00,564.29,594.64,571.09,576.31
2016-06-03T00:00:00+00:00,535.96,578.0,538.06,571.25
2016-06-02T00:00:00+00:00,531.86,541.2,534.85,537.87
2016-06-01T00:00:00+00:00,524.39,541.5,531.25,534.84
2016-05-31T00:00:00+00:00,520.01,544.9,532.56,531.34
2016-05-30T00:00:00+00:00,519.0,541.0,525.22,532.55
2016-05-29T00:00:00+00:00,491.01,549.99,523.35,525.22
2016-05-28T00:00:00+00:00,470.13,539.49,471.21,523.25
2016-05-27T00:00:00+00:00,454.35,476.75,454.97,471.27
2016-05-26T00:00:00+00:00,449.0,454.99,451.45,454.97
2016-05-25T00:00:00+00:00,446.86,452.42,446.98,451.49
2016-05-24T00:00:00+00:00,440.5,448.5,445.56,446.99
2016-05-23T00:00:00+00:00,440.79,446.3,442.45,445.67
2016-05-22T00:00:00+00:00,440.89,446.45,446.27,442.48
2016-05-21T00:00:00+00:00,441.88,446.99,445.52,446.28
2016-05-20T00:00:00+00:00,435.5,445.85,437.91,445.65
2016-05-19T00:00:00+00:00,435.0,456.41,455.56,438.38
2016-05-18T00:00:00+00:00,453.6,457.88,454.19,455.56
2016-05-17T00:00:00+00:00,452.2,457.49,455.64,454.19
2016-05-16T00:00:00+00:00,451.48,461.59,461.48,455.66
2016-05-15T00:00:00+00:00,458.49,463.62,458.9,461.47
2016-05-14T00:00:00+00:00,456.0,459.83,457.97,458.9
2016-05-13T00:00:00+00:00,453.84,458.03,456.48,457.98
2016-05-12T00:00:00+00:00,449.27,456.57,454.56,456.48
2016-05-11T00:00:00+00:00,452.5,458.65,452.77,454.37
2016-05-10T00:00:00+00:00,448.2,465.0,464.15,452.78
2016-05-09T00:00:00+00:00,459.41,465.9,462.6,464.16
2016-05-08T00:00:00+00:00,457.5,465.0,461.91,462.79
2016-05-07T00:00:00+00:00,459.55,464.0,462.31,461.91
2016-05-06T00:00:00+00:00,448.84,463.73,449.99,462.31
2016-05-05T00:00:00+00:00,447.0,451.56,448.59,449.98
2016-05-04T00:00:00+00:00,446.76,453.23,452.21,448.68
2016-05-03T00:00:00+00:00,443.61,453.29,446.53,452.21
2016-05-02T00:00:00+00:00,440.02,457.63,456.98,446.42
2016-05-01T00:00:00+00:00,451.55,457.07,454.02,456.98
2016-04-30T00:00:00+00:00,450.13,459.33,458.8,454.02
2016-04-29T00:00:00+00:00,448.5,459.44,451.67,458.82
2016-04-28T00:00:00+00:00,434.79,451.88,445.3,451.68
2016-04-27T00:00:00+00:00,434.0,470.79,470.3,445.31
2016-04-26T00:00:00+00:00,464.01,472.11,466.17,470.59
2016-04-25T00:00:00+00:00,454.65,472.38,464.47,466.17
2016-04-24T00:00:00+00:00,454.55,465.0,455.68,464.46
2016-04-23T00:00:00+00:00,447.03,455.84,448.57,455.69
2016-04-22T00:00:00+00:00,445.07,452.95,452.25,448.41
2016-04-21T00:00:00+00:00,441.99,453.8,442.87,452.25
2016-04-20T00:00:00+00:00,436.17,444.07,437.06,442.96
2016-04-19T00:00:00+00:00,429.22,438.2,430.9,437.06
2016-04-18T00:00:00+00:00,428.44,434.46,431.08,430.97
2016-04-17T00:00:00+00:00,429.15,434.93,433.69,431.0
2016-04-16T00:00:00+00:00,429.89,434.89,430.82,433.39
2016-04-15T00:00:00+00:00,425.72,431.1,426.35,430.93
2016-04-14T00:00:00+00:00,424.52,428.0,425.58,426.32
2016-04-13T00:00:00+00:00,423.59,429.44,427.8,425.58
2016-04-12T00:00:00+00:00,423.14,429.77,423.95,427.8
2016-04-11T00:00:00+00:00,420.15,424.0,423.29,423.94
2016-04-10T00:00:00+00:00,419.46,423.99,419.46,423.4
2016-04-09T00:00:00+00:00,415.51,419.79,419.48,419.46
2016-04-08T00:00:00+00:00,415.71,424.65,421.99,419.48
2016-04-07T00:00:00+00:00,419.41,422.74,421.36,421.99
2016-04-06T00:00:00+00:00,420.61,423.0,422.4,421.46
2016-04-05T00:00:00+00:00,418.01,423.43,419.48,422.36
2016-04-04T00:00:00+00:00,417.58,421.0,420.08,419.47
2016-04-03T00:00:00+00:00,418.33,420.8,419.95,420.16
2016-04-02T00:00:00+00:00,417.04,420.5,417.68,419.95
2016-04-01T00:00:00+00:00,414.12,417.68,416.03,417.68
2016-03-31T00:00:00+00:00,412.74,417.6,412.97,416.03
2016-03-30T00:00:00+00:00,407.56,416.41,416.4,412.79
2016-03-29T00:00:00+00:00,407.75,424.62,422.92,416.39
2016-03-28T00:00:00+00:00,419.63,425.36,425.29,423.0
2016-03-27T00:00:00+00:00,416.35,426.5,416.96,425.3
2016-03-26T00:00:00+00:00,414.37,417.77,416.42,416.97
2016-03-25T00:00:00+00:00,411.0,416.87,412.86,416.41
2016-03-24T00:00:00+00:00,410.0,417.72,417.53,412.95
2016-03-23T00:00:00+00:00,413.95,418.99,416.66,417.53
2016-03-22T00:00:00+00:00,411.0,417.79,411.98,416.66
2016-03-21T00:00:00+00:00,406.89,412.13,411.25,412.0
2016-03-20T00:00:00+00:00,409.36,415.34,410.09,411.27
2016-03-19T00:00:00+00:00,404.72,411.0,409.66,410.2
2016-03-18T00:00:00+00:00,399.21,418.66,418.42,409.65
2016-03-17T00:00:00+00:00,415.7,419.75,416.06,418.41
2016-03-16T00:00:00+00:00,413.0,416.39,415.41,416.07
2016-03-15T00:00:00+00:00,412.48,416.94,415.02,415.41
2016-03-14T00:00:00+00:00,411.61,415.84,412.51,415.02
2016-03-13T00:00:00+00:00,410.01,416.38,410.56,412.52
2016-03-12T00:00:00+00:00,406.52,421.3,419.48,410.58
2016-03-11T00:00:00+00:00,414.97,421.0,415.98,419.39
2016-03-10T00:00:00+00:00,410.71,416.52,412.64,415.98
2016-03-09T00:00:00+00:00,408.75,414.0,411.18,412.8
2016-03-08T00:00:00+00:00,407.4,416.33,412.21,411.18
2016-03-07T00:00:00+00:00,395.0,418.74,403.24,412.21
2016-03-06T00:00:00+00:00,385.01,409.27,396.13,403.24
2016-03-05T00:00:00+00:00,381.09,408.83,407.38,396.08
2016-03-04T00:00:00+00:00,405.5,422.21,418.76,407.35
2016-03-03T00:00:00+00:00,408.63,422.8,420.44,418.8
2016-03-02T00:00:00+00:00,418.36,435.36,433.03,420.39
2016-03-01T00:00:00+00:00,427.5,437.78,436.41,433.08
2016-02-29T00:00:00+00:00,431.13,442.0,433.73,436.44
2016-02-28T00:00:00+00:00,423.0,436.07,433.09,433.73
2016-02-27T00:00:00+00:00,430.14,434.97,430.84,433.12
2016-02-26T00:00:00+00:00,419.53,430.85,423.51,430.85
2016-02-25T00:00:00+00:00,418.6,426.44,423.87,423.54
2016-02-24T00:00:00+00:00,410.0,425.6,420.32,423.94
2016-02-23T00:00:00+00:00,414.16,440.9,437.45,419.97
2016-02-22T00:00:00+00:00,430.95,439.0,438.56,437.55
2016-02-21T00:00:00+00:00,426.01,448.7,438.04,438.56
2016-02-20T00:00:00+00:00,420.09,444.03,420.72,437.46
2016-02-19T00:00:00+00:00,416.0,422.0,421.18,420.72
2016-02-18T00:00:00+00:00,415.01,423.2,415.18,421.19
2016-02-17T00:00:00+00:00,405.69,420.13,407.41,415.2
2016-02-16T00:00:00+00:00,390.0,407.5,398.94,407.42
2016-02-15T00:00:00+00:00,394.03,409.09,406.62,398.95
2016-02-14T00:00:00+00:00,391.0,406.92,391.0,406.59
2016-02-13T00:00:00+00:00,381.99,396.0,382.05,391.0
2016-02-12T00:00:00+00:00,377.46,382.05,378.23,382.05
2016-02-11T00:00:00+00:00,360.0,379.5,378.49,378.23
2016-02-10T00:00:00+00:00,371.87,383.34,372.76,378.44
2016-02-09T00:00:00+00:00,370.13,374.93,371.02,372.68
2016-02-08T00:00:00+00:00,370.5,379.35,377.47,371.14
2016-02-07T00:00:00+00:00,373.24,379.81,375.44,377.49
2016-02-06T00:00:00+00:00,370.05,384.54,384.44,375.44
2016-02-05T00:00:00+00:00,382.99,389.36,387.99,384.5
2016-02-04T00:00:00+00:00,368.74,390.63,368.87,387.99
2016-02-03T00:00:00+00:00,365.63,373.01,372.93,368.87
2016-02-02T00:00:00+00:00,371.17,374.41,371.33,372.93
2016-02-01T00:00:00+00:00,366.26,379.0,367.89,371.33
2016-01-31T00:00:00+00:00,365.0,382.5,378.46,367.95
2016-01-30T00:00:00+00:00,375.0,382.04,378.68,378.46
2016-01-29T00:00:00+00:00,363.25,385.05,379.63,378.68
2016-01-28T00:00:00+00:00,377.12,395.0,394.6,379.61
2016-01-27T00:00:00+00:00,390.7,397.18,391.7,394.79
2016-01-26T00:00:00+00:00,387.78,397.0,391.4,391.54
2016-01-25T00:00:00+00:00,386.41,403.04,403.04,391.4
2016-01-24T00:00:00+00:00,387.49,406.93,387.5,403.05
2016-01-23T00:00:00+00:00,382.55,398.72,382.93,387.5
2016-01-22T00:00:00+00:00,373.86,413.99,409.02,382.9
2016-01-21T00:00:00+00:00,403.21,424.78,418.89,409.38
2016-01-20T00:00:00+00:00,369.0,425.1,375.28,418.54
2016-01-19T00:00:00+00:00,370.0,385.5,384.79,375.27
2016-01-18T00:00:00+00:00,370.1,386.1,378.47,384.89
2016-01-17T00:00:00+00:00,372.0,391.0,388.7,378.46
2016-01-16T00:00:00+00:00,350.92,391.0,357.59,388.7
2016-01-15T00:00:00+00:00,357.3,430.29,430.04,357.53
2016-01-14T00:00:00+00:00,428.0,435.27,432.7,430.03
2016-01-13T00:00:00+00:00,425.0,437.5,434.01,432.77
2016-01-12T00:00:00+00:00,431.83,449.44,449.26,434.01
2016-01-11T00:00:00+00:00,445.88,452.65,449.99,449.19
2016-01-10T00:00:00+00:00,442.96,451.39,450.39,449.99
2016-01-09T00:00:00+00:00,447.66,456.0,454.41,450.38
2016-01-08T00:00:00+00:00,447.53,464.4,459.07,454.44
2016-01-07T00:00:00+00:00,430.64,460.15,430.66,459.07
2016-01-06T00:00:00+00:00,428.15,433.46,433.32,430.87
2016-01-05T00:00:00+00:00,430.0,435.64,433.84,433.34
2016-01-04T00:00:00+00:00,431.37,435.79,431.9,433.85
2016-01-03T00:00:00+00:00,425.02,435.75,435.4,431.91
2016-01-02T00:00:00+00:00,432.41,437.56,435.67,435.4
2016-01-01T00:00:00+00:00,427.92,437.15,430.35,435.66
2015-12-31T00:00:00+00:00,419.04,434.0,427.9,430.35
2015-12-30T00:00:00+00:00,422.35,434.99,433.89,427.95
2015-12-29T00:00:00+00:00,419.31,433.9,421.94,433.89
2015-12-28T00:00:00+00:00,418.0,429.9,424.73,421.94
2015-12-27T00:00:00+00:00,410.02,429.85,419.41,424.72
2015-12-26T00:00:00+00:00,410.0,458.29,455.82,419.41
2015-12-25T00:00:00+00:00,450.01,458.99,455.74,455.84
2015-12-24T00:00:00+00:00,442.42,460.0,442.43,455.74
2015-12-23T00:00:00+00:00,428.29,445.11,433.94,442.43
2015-12-22T00:00:00+00:00,432.58,442.0,436.85,433.92
2015-12-21T00:00:00+00:00,424.66,444.44,442.36,436.81
2015-12-20T00:00:00+00:00,430.0,461.3,461.29,442.22
2015-12-19T00:00:00+00:00,451.58,465.6,463.14,461.29
2015-12-18T00:00:00+00:00,453.28,465.1,455.5,463.17
2015-12-17T00:00:00+00:00,446.01,456.33,453.96,455.5
2015-12-16T00:00:00+00:00,440.0,464.73,464.5,453.97
2015-12-15T00:00:00+00:00,443.76,464.95,444.03,464.27
2015-12-14T00:00:00+00:00,429.12,450.0,433.38,444.01
2015-12-13T00:00:00+00:00,419.42,443.83,436.9,433.83
2015-12-12T00:00:00+00:00,403.0,469.34,452.95,436.87
2015-12-11T00:00:00+00:00,415.67,453.13,415.68,452.95
2015-12-10T00:00:00+00:00,408.0,419.5,418.39,415.68
2015-12-09T00:00:00+00:00,401.0,425.0,417.84,418.39
2015-12-08T00:00:00+00:00,386.69,418.94,394.73,418.94
2015-12-07T00:00:00+00:00,383.0,397.57,387.53,394.73
2015-12-06T00:00:00+00:00,375.22,401.01,388.03,387.55
2015-12-05T00:00:00+00:00,363.97,390.0,363.98,387.99
2015-12-04T00:00:00+00:00,355.43,364.85,361.89,363.98
2015-12-03T00:00:00+00:00,356.52,369.99,360.0,361.77
2015-12-02T00:00:00+00:00,347.55,363.06,362.68,360.0
2015-12-01T00:00:00+00:00,354.6,378.94,376.88,362.68
2015-11-30T00:00:00+00:00,367.5,382.87,372.25,376.86
2015-11-29T00:00:00+00:00,354.26,373.63,357.24,372.24
2015-11-28T00:00:00+00:00,351.09,359.63,358.2,357.24
2015-11-27T00:00:00+00:00,347.96,364.46,352.56,358.19
2015-11-26T00:00:00+00:00,328.98,368.18,328.99,352.57
2015-11-25T00:00:00+00:00,316.26,330.06,320.96,328.98
2015-11-24T00:00:00+00:00,318.0,323.17,323.01,321.0
2015-11-23T00:00:00+00:00,322.0,326.0,323.72,323.0
2015-11-22T00:00:00+00:00,321.0,327.0,326.99,323.71
2015-11-21T00:00:00+00:00,316.33,328.0,322.39,327.0
2015-11-20T00:00:00+00:00,311.23,327.04,326.53,322.39
2015-11-19T00:00:00+00:00,324.9,336.38,335.5,326.41
2015-11-18T00:00:00+00:00,330.0,338.0,336.49,335.49
2015-11-17T00:00:00+00:00,330.1,340.72,332.85,336.49
2015-11-16T00:00:00+00:00,316.12,334.1,322.94,332.89
2015-11-15T00:00:00+00:00,319.89,336.46,334.67,322.93
2015-11-14T00:00:00+00:00,329.4,339.57,338.08,334.71
2015-11-13T00:00:00+00:00,325.0,343.0,336.49,338.07
2015-11-12T00:00:00+00:00,312.24,344.99,313.2,336.49
2015-11-11T00:00:00+00:00,293.32,341.75,337.14,313.2
2015-11-10T00:00:00+00:00,322.0,382.23,379.55,337.14
2015-11-09T00:00:00+00:00,360.8,386.96,373.84,379.53
2015-11-08T00:00:00+00:00,363.58,389.0,384.8,373.83
2015-11-07T00:00:00+00:00,371.43,392.0,374.26,384.81
2015-11-06T00:00:00+00:00,351.0,395.0,387.21,374.09
2015-11-05T00:00:00+00:00,366.66,450.0,410.0,387.21
2015-11-04T00:00:00+00:00,368.15,499.99,404.06,410.0
2015-11-03T00:00:00+00:00,362.07,422.3,365.14,404.1
2015-11-02T00:00:00+00:00,326.07,371.82,329.45,365.21
2015-11-01T00:00:00+00:00,311.44,332.0,314.84,329.46
2015-10-31T00:00:00+00:00,306.29,334.28,329.11,314.85
2015-10-30T00:00:00+00:00,315.9,336.97,316.07,329.11
2015-10-29T00:00:00+00:00,301.8,320.99,304.1,316.08
2015-10-28T00:00:00+00:00,295.65,308.93,295.68,304.09
2015-10-27T00:00:00+00:00,286.89,297.99,287.1,295.61
2015-10-26T00:00:00+00:00,282.04,287.68,284.97,287.1
2015-10-25T00:00:00+00:00,283.28,295.93,284.29,284.97
2015-10-24T00:00:00+00:00,278.75,284.49,278.76,284.29
2015-10-23T00:00:00+00:00,275.4,281.17,275.76,278.76
2015-10-22T00:00:00+00:00,268.75,280.0,268.77,275.84
2015-10-21T00:00:00+00:00,265.0,272.85,271.16,268.77
2015-10-20T00:00:00+00:00,264.38,272.95,265.09,271.14
2015-10-19T00:00:00+00:00,262.05,268.23,265.0,265.17
2015-10-18T00:00:00+00:00,262.94,273.5,272.88,265.0
2015-10-17T00:00:00+00:00,263.05,274.81,263.45,272.87
2015-10-16T00:00:00+00:00,254.86,267.6,254.98,263.43
2015-10-15T00:00:00+00:00,253.18,256.77,253.25,254.99
2015-10-14T00:00:00+00:00,250.25,255.0,250.98,253.27
2015-10-13T00:00:00+00:00,244.86,251.5,246.43,250.99
2015-10-12T00:00:00+00:00,245.89,249.14,249.01,246.39
2015-10-11T00:00:00+00:00,245.63,250.0,246.06,249.02
2015-10-10T00:00:00+00:00,243.8,246.1,244.44,246.07
2015-10-09T00:00:00+00:00,241.1,244.88,242.94,244.35
2015-10-08T00:00:00+00:00,242.2,245.38,244.0,242.94
2015-10-07T00:00:00+00:00,240.2,247.96,246.7,244.0
2015-10-06T00:00:00+00:00,240.31,248.0,240.93,246.64
2015-10-05T00:00:00+00:00,237.5,240.98,239.87,240.95
2015-10-04T00:00:00+00:00,239.07,240.28,239.93,239.87
2015-10-03T00:00:00+00:00,237.73,240.62,238.31,239.92
2015-10-02T00:00:00+00:00,236.97,239.4,238.34,238.28
2015-10-01T00:00:00+00:00,236.9,239.86,237.1,238.34
2015-09-30T00:00:00+00:00,236.26,238.75,236.88,237.14
2015-09-29T00:00:00+00:00,236.65,241.05,239.96,236.89
2015-09-28T00:00:00+00:00,233.53,240.52,233.53,239.99
2015-09-27T00:00:00+00:00,233.2,235.03,234.67,233.58
2015-09-26T00:00:00+00:00,233.5,236.2,235.88,234.69
2015-09-25T00:00:00+00:00,234.02,237.62,235.35,235.89
2015-09-24T00:00:00+00:00,230.09,235.99,230.26,235.27
2015-09-23T00:00:00+00:00,229.27,233.0,231.31,230.26
2015-09-22T00:00:00+00:00,224.45,232.5,227.31,231.28
2015-09-21T00:00:00+00:00,226.87,233.64,232.26,227.31
2015-09-20T00:00:00+00:00,231.84,234.0,232.88,232.24
2015-09-19T00:00:00+00:00,232.0,234.31,233.78,232.88
2015-09-18T00:00:00+00:00,231.75,234.96,233.31,233.78
2015-09-17T00:00:00+00:00,229.01,235.93,229.72,233.34
2015-09-16T00:00:00+00:00,226.85,232.0,230.67,229.73
2015-09-15T00:00:00+00:00,230.26,232.43,231.02,230.6
2015-09-14T00:00:00+00:00,228.01,233.99,230.83,231.01
2015-09-13T00:00:00+00:00,229.72,236.91,236.5,230.82
2015-09-12T00:00:00+00:00,235.26,241.12,240.9,236.5
2015-09-11T00:00:00+00:00,238.5,241.54,238.55,240.9
2015-09-10T00:00:00+00:00,236.69,241.4,238.74,238.52
2015-09-09T00:00:00+00:00,238.6,244.69,244.24,238.75
2015-09-08T00:00:00+00:00,240.31,247.82,241.31,244.14
2015-09-07T00:00:00+00:00,239.21,242.98,241.26,241.31
2015-09-06T00:00:00+00:00,235.54,244.82,236.17,241.29
2015-09-05T00:00:00+00:00,230.12,237.24,231.43,236.01
2015-09-04T00:00:00+00:00,227.24,232.49,227.24,231.39
2015-09-03T00:00:00+00:00,226.48,230.79,229.95,227.25
2015-09-02T00:00:00+00:00,226.43,231.43,228.22,229.97
2015-09-01T00:00:00+00:00,226.42,233.5,230.76,228.22
2015-08-31T00:00:00+00:00,225.23,233.0,229.4,230.75
2015-08-30T00:00:00+00:00,226.59,233.47,230.61,229.39
2015-08-29T00:00:00+00:00,228.0,233.95,231.55,230.61
2015-08-28T00:00:00+00:00,221.2,236.18,225.62,231.55
2015-08-27T00:00:00+00:00,224.0,229.99,226.72,225.8
2015-08-26T00:00:00+00:00,220.16,231.97,223.73,226.81
2015-08-25T00:00:00+00:00,198.02,229.49,211.16,223.73
2015-08-24T00:00:00+00:00,210.0,229.24,229.23,211.16
2015-08-23T00:00:00+00:00,226.15,233.25,231.16,229.21
2015-08-22T00:00:00+00:00,222.68,235.53,232.85,231.15
2015-08-21T00:00:00+00:00,231.15,236.99,235.56,232.85
2015-08-20T00:00:00+00:00,227.45,238.2,227.46,235.56
2015-08-19T00:00:00+00:00,214.91,238.99,221.99,227.34
2015-08-18T00:00:00+00:00,200.0,258.04,257.56,221.99
2015-08-17T00:00:00+00:00,255.58,261.57,259.2,257.31
2015-08-16T00:00:00+00:00,255.67,263.1,262.45,259.2
2015-08-15T00:00:00+00:00,261.77,267.69,266.21,262.46
2015-08-14T00:00:00+00:00,262.5,267.98,264.48,266.17
2015-08-13T00:00:00+00:00,262.94,267.82,266.81,264.67
2015-08-12T00:00:00+00:00,265.79,272.4,271.99,266.94
2015-08-11T00:00:00+00:00,264.91,271.99,265.15,271.99
2015-08-10T00:00:00+00:00,263.17,268.89,267.6,265.15
2015-08-09T00:00:00+00:00,260.97,268.8,262.02,267.63
2015-08-08T00:00:00+00:00,260.07,280.16,280.06,262.02
2015-08-07T00:00:00+00:00,277.05,281.17,279.37,279.94
2015-08-06T00:00:00+00:00,278.95,282.61,282.44,279.65
2015-08-05T00:00:00+00:00,282.01,286.25,285.6,282.77
2015-08-04T00:00:00+00:00,280.11,286.47,280.95,285.51
2015-08-03T00:00:00+00:00,280.27,285.86,282.62,280.95
2015-08-02T00:00:00+00:00,277.33,282.62,281.53,282.62
2015-08-01T00:00:00+00:00,277.26,285.6,285.2,281.53
2015-07-31T00:00:00+00:00,282.79,290.0,288.49,285.19
2015-07-30T00:00:00+00:00,286.56,291.56,290.26,288.49
2015-07-29T00:00:00+00:00,289.01,296.58,295.74,290.19
2015-07-28T00:00:00+00:00,293.65,298.0,294.22,295.76
2015-07-27T00:00:00+00:00,287.24,297.0,293.88,294.21
2015-07-26T00:00:00+00:00,288.65,294.49,289.68,293.89
2015-07-25T00:00:00+00:00,286.82,291.67,289.12,289.7
2015-07-24T00:00:00+00:00,276.43,291.52,277.23,289.12
2015-07-23T00:00:00+00:00,276.28,279.75,277.96,277.39
2015-07-22T00:00:00+00:00,275.01,278.54,277.33,277.89
2015-07-21T00:00:00+00:00,276.85,281.27,279.96,277.32
2015-07-20T00:00:00+00:00,277.37,280.0,277.98,280.0
