Type,DatePublished,Polarity_of_Body,Polarity_of_Desc,Polarity_of_Title
Bitcoin,2019-01-12,0.0009920634920634885,0.0009920634920634885,0.0
Bitcoin,2019-01-31,0.0,0.0,0.0
Bitcoin,2019-02-15,0.0,0.0,0.0
Bitcoin,2019-02-18,0.2142857142857143,0.2142857142857143,-0.4
Bitcoin,2019-03-03,0.04722222222222221,0.04722222222222221,0.0
Bitcoin,2019-03-04,-0.16111111111111112,-0.16111111111111112,-0.07777777777777779
Bitcoin,2019-03-11,0.0175,0.0175,0.0
Bitcoin,2019-03-12,0.1607142857142857,0.1607142857142857,0.0
Bitcoin,2019-03-14,-0.25,-0.25,-0.25
Bitcoin,2019-03-28,0.22380952380952382,0.22380952380952382,0.06818181818181818
Bitcoin,2019-04-01,0.02727272727272727,0.02727272727272727,0.0
Bitcoin,2019-04-19,0.04545454545454545,0.04545454545454545,0.0
Bitcoin,2019-04-25,0.07083333333333333,0.07083333333333333,0.0
Bitcoin,2019-04-26,-0.09999999999999999,-0.09999999999999999,0.0
Bitcoin,2019-04-30,0.2,0.5,0.5
Bitcoin,2019-05-03,0.01666666666666666,0.01666666666666666,0.0
Bitcoin,2019-05-07,0.18722222222222223,0.3666666666666667,0.0
Bitcoin,2019-05-08,0.1875,0.1875,0.5
Bitcoin,2019-05-13,0.13636363636363635,0.13636363636363635,0.13636363636363635
Bitcoin,2019-05-16,0.2301190476190476,0.3,0.475
Bitcoin,2019-05-31,0.006999999999999995,0.02,0.0
Bitcoin,2019-06-06,-0.0031249999999999993,0.02875,0.0
Bitcoin,2019-06-13,0.0,0.5,0.5
Bitcoin,2019-06-18,0.2016025641025641,0.08333333333333333,0.0
Bitcoin,2019-07-05,0.0,0.0,0.0
Bitcoin,2019-07-08,0.12045454545454545,0.05,0.0
Bitcoin,2019-07-10,0.08333333333333333,0.08333333333333333,0.0
Bitcoin,2019-07-11,0.014460784313725486,0.16866666666666666,-0.65
Bitcoin,2019-07-16,0.11041666666666666,0.25,0.0
Bitcoin,2019-07-17,0.009303977272727273,0.05,0.3181818181818182
Bitcoin,2019-07-19,-0.15555555555555559,-0.15555555555555559,0.0
Bitcoin,2019-07-26,0.06364583333333333,0.15833333333333333,0.13636363636363635
Bitcoin,2019-07-30,0.31093750000000003,0.5,1.0
Bitcoin,2019-07-31,0.11666666666666665,0.11666666666666665,0.0
Bitcoin,2019-08-08,0.14,0.0,0.0
Bitcoin,2019-08-13,-0.07485119047619047,0.45,0.5
Bitcoin,2019-08-16,0.14390350877192984,0.23333333333333334,0.06818181818181818
Bitcoin,2019-08-23,0.030729166666666665,-0.109375,0.0
Bitcoin,2019-08-30,0.1416666666666667,0.1416666666666667,0.22727272727272727
Bitcoin,2019-08-31,0.08333333333333333,0.03333333333333333,0.0
Bitcoin,2019-09-01,-0.004687500000000001,0.0,-0.5
Bitcoin,2019-09-06,0.06614539154219681,0.18595478595478596,0.0
Bitcoin,2019-09-09,0.1466666666666667,0.5,0.13636363636363635
Bitcoin,2019-09-10,-0.08576388888888889,-0.16666666666666666,0.0
Bitcoin,2019-09-15,0.09832142857142857,-0.016666666666666646,0.2928571428571428
Bitcoin,2019-09-16,0.08076479076479076,0.13636363636363635,0.13636363636363635
Bitcoin,2019-09-18,0.02229166666666666,-0.16666666666666666,0.2
Bitcoin,2019-09-22,0.0,0.0,0.0
Bitcoin,2019-09-24,0.0,0.0,0.0
Bitcoin,2019-09-27,-0.019117647058823534,0.0,0.0
Bitcoin,2019-09-29,0.06261614275302294,0.09152783243692335,0.10516528925619834
Bitcoin,2019-09-30,0.09370072828918553,0.08302250445632801,-0.03067439096850862
Bitcoin,2019-10-01,0.09544700116691841,0.07841209374590057,0.03724690082644628
Bitcoin,2019-10-02,0.09336949776754136,0.13238494640280354,0.03790584415584416
Bitcoin,2019-10-03,0.04621689827201747,0.021405272967772962,0.16115740740740744
Bitcoin,2019-10-04,0.14476566648006278,0.03240641711229947,0.0077205882352941214
Bitcoin,2019-10-05,0.09083519345238095,0.09013888888888888,-0.07291666666666666
Bitcoin,2019-10-06,0.1137317298929141,0.15508333333333332,-0.11000000000000001
Bitcoin,2019-10-07,0.06134184275975448,0.04868773835291693,0.0387987012987013
Bitcoin,2019-10-08,0.09590065122029083,0.07920007365319867,0.06575915404040406
Bitcoin,2019-10-09,0.08803681147968649,0.06113721246074187,0.03599598930481283
Bitcoin,2019-10-10,0.10358254420106879,0.05090936648228315,0.02825757575757574
Bitcoin,2019-10-11,0.07958833059426793,0.07393001443001443,0.024350649350649352
Bitcoin,2019-10-12,0.19770269950971703,0.1275,0.11393939393939394
Bitcoin,2019-10-13,0.17369087939932948,0.14958062770562772,0.1978174603174603
Bitcoin,2019-10-14,0.0650004958329595,0.09249149659863945,0.07702380952380952
Bitcoin,2019-10-15,0.127857313141404,0.13290149875377144,0.09259641873278236
Bitcoin,2019-10-16,0.058398750435388364,0.04656501185596014,0.017943805874840367
Bitcoin,2019-10-17,0.040779009548898286,-0.015769277597402584,-0.011940586419753088
Bitcoin,2019-10-18,0.06545791666335554,0.029011387163561074,0.02374194847020934
Bitcoin,2019-10-19,0.16701458474185749,0.17327533577533577,0.08173076923076923
Bitcoin,2019-10-20,0.11218622735289402,0.25407196969696966,-0.05601851851851852
Bitcoin,2019-10-21,0.06281610866779631,0.06998674634544201,-0.035869565217391305
Bitcoin,2019-10-22,0.08109685048573423,0.0791211882205671,-0.016968599033816426
Bitcoin,2019-10-23,0.06053002341299388,0.057763214152103046,0.06422138047138047
Bitcoin,2019-10-24,0.10026897695101877,0.0908183879612451,0.06739718614718615
Bitcoin,2019-10-25,0.093508577996078,0.08229513888888888,0.01304563492063492
Bitcoin,2019-10-26,0.059143843920629637,0.05778659976387249,0.006168831168831172
Bitcoin,2019-10-27,0.1298307011811575,0.0755787037037037,0.09646464646464646
Bitcoin,2019-10-28,0.09050324552651888,0.13986577733860345,0.027217830478700043
Bitcoin,2019-10-29,0.07974123240837735,0.1356828655215752,0.08068548387096773
Bitcoin,2019-10-30,0.1020961282661505,0.1507036413517895,0.10027590722035165
Bitcoin,2019-10-31,0.07420925498535937,0.03561808561808561,0.025037411148522256
Bitcoin,2019-11-01,0.07618462197426817,0.12893554857840572,0.06080128205128206
Bitcoin,2019-11-02,0.06766685362652733,0.13629261363636364,0.03977272727272727
Bitcoin,2019-11-03,0.13348648550329223,0.3190476190476191,0.17232142857142857
Bitcoin,2019-11-04,0.07258869628529009,0.08243095902635376,-0.02901002506265663
Bitcoin,2019-11-05,0.12414836161555218,0.06088704505371172,0.02274731441398108
Bitcoin,2019-11-06,0.055966746547103687,0.10193130282415996,-0.022023809523809525
Bitcoin,2019-11-07,0.1164557097917365,0.0968284889713461,0.06072974644403215
Bitcoin,2019-11-08,0.09152019363630315,0.15899776222041845,0.12806818181818186
Bitcoin,2019-11-09,0.08658503031621088,0.11047397047397048,0.10846153846153846
Bitcoin,2019-11-10,0.11882707415164802,0.06787405303030303,-0.003125
Bitcoin,2019-11-11,0.09455169705214447,0.10441776609633753,0.09596928468357038
Bitcoin,2019-11-12,0.06055307461152221,0.05401747231875437,-0.002639860139860136
Bitcoin,2019-11-13,0.09266571817906404,0.1705820346320346,0.05878787878787879
Bitcoin,2019-11-14,0.11181624720962219,0.06927818393727486,0.0634013209013209
Bitcoin,2019-11-15,0.08090071337175579,0.07109605911330048,0.0699712643678161
Bitcoin,2019-11-16,0.03593382249064068,0.007851977567886642,-0.14053030303030303
Bitcoin,2019-11-17,0.016390225787284607,-0.06092145949288806,0.009999999999999998
Bitcoin,2019-11-18,0.12768165276988808,0.14571957318280848,0.07333842627960274
Bitcoin,2019-11-19,0.07945005713097819,0.09586328023828024,0.06690300440300441
Bitcoin,2019-11-20,0.08138943669094245,0.06972138972138972,0.05129370629370629
Bitcoin,2019-11-21,0.054022297918131255,0.07856439393939393,0.055624999999999994
Bitcoin,2019-11-22,0.06233393681410603,0.0745431776420077,0.04631661442006269
Bitcoin,2019-11-23,0.04550464967131634,0.03803102453102452,0.03116883116883117
Bitcoin,2019-11-24,0.009680759055759063,0.13449074074074074,-0.09873737373737373
Bitcoin,2019-11-25,0.09974045373142369,0.07233072916666666,-0.0008522727272727224
Ethereum,2019-01-05,0.5833333333333334,0.5833333333333334,0.0
Ethereum,2019-01-10,0.031296296296296294,0.0,0.0
Ethereum,2019-01-17,0.17500000000000004,0.17500000000000004,-0.05
Ethereum,2019-01-29,0.0,0.0,0.06818181818181818
Ethereum,2019-02-03,0.3333333333333333,0.3333333333333333,0.0
Ethereum,2019-02-08,0.0,0.0,0.0
Ethereum,2019-02-19,0.0,0.0,0.2848484848484848
Ethereum,2019-02-26,0.23111111111111107,0.23111111111111107,0.04545454545454545
Ethereum,2019-03-05,-0.020833333333333332,-0.020833333333333332,0.13636363636363635
Ethereum,2019-03-06,-0.0018713450292397664,0.04433333333333333,0.0
Ethereum,2019-03-12,-0.018518518518518528,-0.018518518518518528,0.13636363636363635
Ethereum,2019-04-09,0.03333333333333333,0.03333333333333333,0.31212121212121213
Ethereum,2019-04-16,0.15416666666666667,0.15416666666666667,0.19318181818181818
Ethereum,2019-04-18,0.1,0.1,0.0
Ethereum,2019-04-30,0.15427350427350428,0.2888888888888889,0.06818181818181818
Ethereum,2019-05-01,0.21805555555555556,-0.2,0.1
Ethereum,2019-05-07,0.1486111111111111,0.1486111111111111,0.29450757575757575
Ethereum,2019-05-08,0.10952380952380952,0.10833333333333336,0.125
Ethereum,2019-05-10,0.04864805692391899,0.10833333333333332,0.08055555555555555
Ethereum,2019-05-11,0.08020050125313283,-0.4000000000000001,0.0
Ethereum,2019-05-12,0.25,0.25,0.0
Ethereum,2019-05-13,0.1303255395178131,0.09288827427716316,0.08494668911335579
Ethereum,2019-05-14,0.10372960617588717,0.09521502907866544,0.1354683195592286
Ethereum,2019-05-15,0.05933309111523399,0.06812556045145332,0.0515376984126984
Ethereum,2019-05-16,0.09924448463479986,0.1353378481787573,0.08133428440246625
Ethereum,2019-05-17,0.1221613982879189,0.08940088049810274,0.0724306557639891
Ethereum,2019-05-18,0.14327990758326728,0.10676395826395826,0.09292011019283745
Ethereum,2019-05-19,0.09506356468207118,0.19482032423358953,0.0615530303030303
Ethereum,2019-05-20,0.11617918102987548,0.13802666014541015,0.01958964646464646
Ethereum,2019-05-21,0.1290371013362734,0.10118801652892562,0.05833333333333333
Ethereum,2019-05-22,0.13531448182280345,0.10447270322270323,0.052735003092145946
Ethereum,2019-05-23,0.08664624322841107,0.09273115773115773,-0.010567210567210569
Ethereum,2019-05-24,0.12800664070620318,0.1620920241374787,0.12348484848484849
Ethereum,2019-05-25,0.10696815428723323,0.17390873015873018,-0.005092592592592593
Ethereum,2019-05-26,0.1125530972554782,0.12059862012987013,0.03423295454545455
Ethereum,2019-05-27,0.15821847442680775,0.13675264550264551,0.10648148148148147
Ethereum,2019-05-28,0.10507164873645645,0.09657827371842523,0.06304713804713805
Ethereum,2019-05-29,0.06456105314438648,0.030712121212121215,0.16111111111111112
Ethereum,2019-05-30,0.14240197428833792,0.07355300453514739,0.09371134817563388
Ethereum,2019-05-31,0.21216320717769654,0.2137787097162097,0.18710517877184543
Ethereum,2019-06-01,0.07629877724614567,-0.006952380952380949,0.145
Ethereum,2019-06-02,0.08834112673659457,0.13971533516988063,0.24545454545454545
Ethereum,2019-06-03,0.1454485937788415,0.18452671807359308,0.10147569444444444
Ethereum,2019-06-04,0.09964380511766131,0.05031425364758698,0.022727272727272724
Ethereum,2019-06-05,0.08843883662884708,0.10439612288296497,0.059056732740943266
Ethereum,2019-06-06,0.07521807268818138,0.07160070088641517,0.07976190476190477
Ethereum,2019-06-07,0.16908314210851805,0.09654491341991343,0.12656250000000002
Ethereum,2019-06-08,0.1681028950473395,0.10018237934904602,0.08024691358024691
Ethereum,2019-06-09,0.11722717056519578,0.010785714285714282,0.125
Ethereum,2019-06-10,0.11421299885514972,0.10438767372977897,0.04502544239386344
Ethereum,2019-06-11,0.06371330809642498,0.056782879818594104,0.15982142857142856
Ethereum,2019-06-12,0.0959076743834397,0.10001713564213563,0.04729437229437229
Ethereum,2019-06-13,0.09046856746397264,0.104508177008177,0.0352581369248036
Ethereum,2019-06-14,0.10976136056320125,0.12157186948853616,0.008333333333333333
Ethereum,2019-06-15,0.09118538324420677,0.1975,0.05
Ethereum,2019-06-16,0.07784605546528793,0.1006926406926407,0.07142857142857142
Ethereum,2019-06-17,0.13471869958413019,0.06090449954086317,-0.004132231404958679
Ethereum,2019-06-18,0.09591573857081376,0.15404040404040403,0.0
Ethereum,2019-06-19,0.08345069205936653,0.16058922558922561,0.05342312008978675
Ethereum,2019-06-20,0.042557322636657,0.030267591885238945,0.0851890756302521
Ethereum,2019-06-21,0.13299922935872815,0.12497780280943546,0.045276360544217686
Ethereum,2019-06-22,0.14531591584664902,0.12145591974163404,0.00560185185185185
Ethereum,2019-06-23,0.026283594877344878,0.04468749999999999,0.078125
Ethereum,2019-06-24,0.13690091513342406,0.037970328282828286,0.21666666666666665
Ethereum,2019-06-25,0.0964019362745098,0.086,-0.052727272727272734
Ethereum,2019-06-26,0.07669468494468494,0.012847222222222223,-0.03125
Ethereum,2019-06-27,0.08743295466334682,0.18125,0.027777777777777776
Ethereum,2019-06-28,0.07188575776075777,-0.022086940836940835,0.10170454545454545
Ethereum,2019-06-29,0.14008424340810705,0.1400462962962963,0.08564814814814815
Ethereum,2019-06-30,0.08668939393939393,-0.09166666666666667,-0.0625
Ethereum,2019-07-01,0.05871036899608329,0.10538239538239537,-0.10454545454545457
Ethereum,2019-07-02,0.16097863821210928,0.1226879181424636,0.08209366391184572
Ethereum,2019-07-03,0.10432151934465249,0.1041264687693259,0.03174603174603174
Ethereum,2019-07-04,0.06332417582417582,0.02601010101010101,0.0
Ethereum,2019-07-05,0.14056594061802394,0.04480092592592592,0.1287037037037037
Ethereum,2019-07-06,-0.15070546737213406,-0.15,-0.16666666666666666
Ethereum,2019-07-07,0.16097883597883597,0.17160493827160492,0.0
Ethereum,2019-07-08,-0.0120479347041847,0.003124999999999996,0.03409090909090909
Ethereum,2019-07-09,0.09998289656771799,0.14559163059163058,0.18714285714285714
Ethereum,2019-07-10,0.04559175717070454,-0.0476851851851852,0.14938271604938272
Ethereum,2019-07-11,0.06018332362082361,0.1357823129251701,0.08253968253968254
Ethereum,2019-07-12,0.04873739230540701,0.0038939393939393828,-0.0225
Ethereum,2019-07-14,0.07573172198172197,-0.0798332531665865,0.0
Ethereum,2019-07-15,0.0031018933447504965,0.10596371882086168,0.0625
Ethereum,2019-07-16,0.09565553494124922,0.07475649350649351,0.0
Ethereum,2019-07-17,0.06509168410954126,0.10916666666666666,0.025925925925925925
Ethereum,2019-07-18,0.09848986586046121,0.06660353535353535,0.09999999999999999
Ethereum,2019-07-19,0.08358377425044092,0.10583333333333333,0.08452380952380953
Ethereum,2019-07-20,0.12860192837465564,-0.052777777777777785,0.012698412698412702
Ethereum,2019-07-21,0.09252935064935065,0.005997474747474751,0.16
Ethereum,2019-07-22,0.16252246413020824,0.0979810606060606,0.09653679653679653
Ethereum,2019-07-23,0.07463858828832091,0.11050494118675937,0.018211334120425027
Ethereum,2019-07-24,0.09381026653085478,0.046586491739552975,-0.0023809523809523885
Ethereum,2019-07-25,0.1109627796493398,0.051953125,0.16875
Ethereum,2019-07-26,0.11246937518928259,0.1192003367003367,0.0018518518518518515
Ethereum,2019-07-27,0.08816453369471947,0.08953373015873016,0.001388888888888884
Ethereum,2019-07-28,0.06106618641774892,0.21683238636363636,0.0703125
Ethereum,2019-07-29,0.08215935506146903,0.18681976010101012,0.17708333333333334
Ethereum,2019-07-30,0.11554938897907648,0.038394097222222215,0.25740740740740736
Ethereum,2019-07-31,0.09947459735858429,0.04087301587301587,0.06666666666666668
Ethereum,2019-08-01,0.05410689091610145,0.15569223985890654,0.14814814814814814
Ethereum,2019-08-02,0.10918191311612364,0.06785714285714285,0.03333333333333333
Ethereum,2019-08-03,0.14782257094757092,0.09027777777777778,0.16666666666666666
Ethereum,2019-08-04,0.04708333333333334,-0.041666666666666664,0.0
Ethereum,2019-08-05,0.1394303613053613,0.15873015873015872,0.09107142857142857
Ethereum,2019-08-06,0.03744147659063625,0.053125000000000006,-0.125
Ethereum,2019-08-07,0.14391923057101633,0.23048855905998764,0.023944805194805192
Ethereum,2019-08-08,0.10615394117508778,0.13199810606060605,0.12037878787878788
Ethereum,2019-08-09,0.1208959242433771,0.002545454545454548,-0.007070707070707075
Ethereum,2019-08-10,0.018882751507751507,0.005355639730639729,0.0
Ethereum,2019-08-11,0.08216561624649861,0.020238095238095246,0.18094155844155846
Ethereum,2019-08-12,-0.004977904040404042,0.19259259259259257,0.052083333333333336
Ethereum,2019-08-13,0.11136591803258471,0.06452020202020202,0.09816919191919189
Ethereum,2019-08-14,0.1091729797979798,0.10031746031746032,0.0
Ethereum,2019-08-15,0.05679512793263941,0.10658631772268136,0.09393939393939395
Ethereum,2019-08-16,0.05465755910755911,0.07578294252044253,0.05502525252525252
Ethereum,2019-08-17,0.052890465108602354,0.07870003893813418,0.03333333333333333
Ethereum,2019-08-18,0.09329405162738495,0.0775,-0.041666666666666664
Ethereum,2019-08-19,0.09732392897350331,0.17604166666666665,0.060714285714285714
Ethereum,2019-08-20,0.08688694217924868,0.10152983468772941,0.01874401913875598
Ethereum,2019-08-21,0.10856074978796877,0.1210487012987013,0.09497564935064935
Ethereum,2019-08-22,0.08899927830149869,0.15381386408730158,0.07951388888888888
Ethereum,2019-08-23,0.09509165602915602,0.097979797979798,-0.034027777777777775
Ethereum,2019-08-24,0.10375100282271335,0.11311507936507936,0.0265530303030303
Ethereum,2019-08-25,0.1408528726175785,0.03575757575757576,0.13333333333333333
Ethereum,2019-08-26,0.14358615416569964,0.1313118686868687,0.04583333333333332
Ethereum,2019-08-27,0.09881671860663457,0.10443245480010187,0.017538126361655772
Ethereum,2019-08-28,0.12481013400341441,0.09389131894340226,0.07282046657046655
Ethereum,2019-08-29,0.09289875421537934,0.13547378547378544,0.05016684704184703
Ethereum,2019-08-30,0.07947683682058682,0.11007996632996632,0.051909722222222225
Ethereum,2019-08-31,0.032976711840348207,0.0294047619047619,-0.03333333333333334
Ethereum,2019-09-01,0.13753026294692963,0.08208333333333333,0.04113636363636364
Ethereum,2019-09-02,0.07740379007474303,0.03342652717652717,0.015584415584415584
Ethereum,2019-09-03,0.0969660398999162,0.03262134330316148,0.01919191919191919
Ethereum,2019-09-04,0.09125577844612333,0.04463383838383838,0.042361111111111106
Ethereum,2019-09-05,0.14236530061519553,0.01686868686868686,0.05744227994227994
Ethereum,2019-09-06,0.13970259052290304,0.014677579365079352,0.0072916666666666685
Ethereum,2019-09-07,0.100165817677993,0.08653409090909091,0.055790043290043285
Ethereum,2019-09-08,0.10959241279553777,0.12821969696969696,-0.017361111111111115
Ethereum,2019-09-09,0.10468492826423499,0.14824675324675327,0.003600944510035413
Ethereum,2019-09-10,0.1001006562881563,0.10616666666666666,0.06499999999999999
Ethereum,2019-09-11,0.054878384602410575,0.08152082044939189,0.032521645021645014
Ethereum,2019-09-12,0.1115300072699532,0.0835767531080031,0.11578545875420873
Ethereum,2019-09-13,0.06293862057254915,-0.03862433862433864,0.06691919191919192
Ethereum,2019-09-14,0.16024142990529547,0.07013958263958264,0.04761904761904762
Ethereum,2019-09-15,0.10734162385816799,0.15987554112554112,0.03459821428571429
Ethereum,2019-09-16,0.1006651159916184,0.09121572871572872,0.09753246753246751
Ethereum,2019-09-17,0.09000440826855124,0.11310770038042768,0.005303030303030307
Ethereum,2019-09-18,0.1195656671759613,0.17040068342151674,0.10208333333333335
Ethereum,2019-09-19,0.10045165779837724,0.07619297369297369,-0.02435897435897436
Ethereum,2019-09-20,0.10664259527553568,0.07484379509379509,0.036065295815295814
Ethereum,2019-09-21,0.10370240688868142,0.11444444444444446,0.08333333333333333
Ethereum,2019-09-22,-0.033740740740740745,0.00916666666666667,0.025
Ethereum,2019-09-23,0.14362482871842774,0.07994929453262786,-0.013194444444444446
Ethereum,2019-09-24,0.06821518155198711,-0.07708333333333334,0.08271604938271605
Ethereum,2019-09-25,0.11400158821672236,0.11327457264957265,-0.06591880341880342
Ethereum,2019-09-26,0.10080087605933473,0.09485370284477426,0.028354978354978348
Ethereum,2019-09-27,0.08864151434984767,0.1302848257709369,-0.09333333333333334
Ethereum,2019-09-28,0.1464354858104858,0.11894841269841269,0.08333333333333334
Ethereum,2019-09-29,0.019059199954086323,0.0820436507936508,0.05333333333333333
Ethereum,2019-09-30,0.012102034061952538,-0.00284391534391535,0.0
Ethereum,2019-10-01,0.08349397849020741,0.03692247732426305,0.10750425170068027
Ethereum,2019-10-02,0.03285520244998341,0.030456349206349202,-0.0075892857142857185
Ethereum,2019-10-03,0.053578124276272426,0.004233766233766232,0.02874779541446208
Ethereum,2019-10-04,0.11828171758529132,0.06833175505050505,0.046448863636363635
Ethereum,2019-10-05,0.12876235762370217,0.05009400123685838,-0.021428571428571432
Ethereum,2019-10-06,0.02966744399780114,-0.021666666666666664,0.1285714285714286
Ethereum,2019-10-07,0.07058511300304893,0.07090593434343435,0.04953703703703704
Ethereum,2019-10-08,0.06825998696373746,0.1189021796916534,0.07324561403508772
Ethereum,2019-10-09,0.09960431622370523,0.07873215144643717,0.017840909090909088
Ethereum,2019-10-10,0.12630517367181024,-0.012325890483785223,0.02639553429027113
Ethereum,2019-10-11,0.10435108619077431,0.033254395458342835,-0.06016081871345029
Ethereum,2019-10-12,0.14298049628942486,0.16875,0.2791666666666667
Ethereum,2019-10-13,0.06404796342239037,0.20517831242831244,0.06410256410256411
Ethereum,2019-10-14,0.08376295036586386,0.1582449254449254,0.1991919191919192
Ethereum,2019-10-15,0.0027473098330241205,0.09166666666666666,0.16071428571428573
Ethereum,2019-10-16,0.036655297317062026,0.004003577441077441,0.18020833333333333
Ethereum,2019-10-17,0.08051607123035695,0.0686038961038961,0.0
Ethereum,2019-10-18,0.023531468531468522,0.18453282828282833,0.0
Ethereum,2019-10-19,0.022222222222222227,-0.0638888888888889,0.0
Ethereum,2019-10-20,0.07652146464646464,-0.006092171717171718,0.044444444444444446
Ethereum,2019-10-21,0.10667807886557887,0.28827272727272724,0.2033333333333333
Ethereum,2019-10-22,0.0395062912676549,0.008470117845117843,-0.020833333333333332
Ethereum,2019-10-23,0.05420958254125271,0.13335555555555556,-0.09236111111111109
Ethereum,2019-10-24,0.13673430831151417,0.09545454545454546,0.0
Ethereum,2019-10-25,0.09204587079587079,0.08090428090428091,0.03571428571428571
Ethereum,2019-10-26,0.07493386243386242,0.012588183421516755,0.06666666666666667
Ethereum,2019-10-27,0.05812280040221216,0.00043402777777777277,0.041666666666666664
Ethereum,2019-10-28,0.058957621326042375,0.006850649350649351,0.022857142857142857
Ethereum,2019-10-29,0.10654807804429016,0.01731481481481481,0.06712962962962962
Ethereum,2019-10-30,0.10973113591887088,0.09998711605854463,0.09107142857142857
Ethereum,2019-10-31,0.07475965224012097,0.01646181199752628,0.0062500000000000056
Ethereum,2019-11-01,0.12906429301518588,0.12285353535353534,0.1357142857142857
Ethereum,2019-11-02,0.062163517221083014,0.16175,0.09375
Ethereum,2019-11-03,0.030889249639249643,0.041666666666666664,0.14166666666666666
Ethereum,2019-11-04,0.05699729540007318,0.12141203703703704,0.08876262626262627
Ethereum,2019-11-05,0.09524437483289296,0.04264374514374514,0.0038461538461538455
Ethereum,2019-11-06,0.049295555634841344,0.044812925170068026,0.03571428571428571
Ethereum,2019-11-07,0.08307637519175981,0.048451363451363444,0.03688228438228438
Ethereum,2019-11-08,0.06737744361212496,0.2701851851851852,0.00025252525252524954
Ethereum,2019-11-09,0.0766659151034151,0.1295436507936508,0.02
Ethereum,2019-11-10,0.04297120703370704,0.06000881834215168,0.08333333333333333
Ethereum,2019-11-11,0.08895016623860794,0.11766240446796002,0.1638888888888889
Ethereum,2019-11-12,0.05858139275684453,0.05636574074074074,0.04732142857142857
Ethereum,2019-11-13,0.10837721565935071,0.09546031746031747,0.1111111111111111
Ethereum,2019-11-14,0.04652419968426232,-0.027309553872053877,0.004166666666666666
Ethereum,2019-11-15,0.0904641387419165,0.08106848912404468,0.09537037037037038
Ethereum,2019-11-16,0.04186868686868686,0.0,0.0625
Ethereum,2019-11-17,0.14152336860670198,0.16666666666666666,0.0
Ethereum,2019-11-18,0.10407303464198843,0.11547348484848484,0.020951704545454544
Ethereum,2019-11-19,0.12036661255411256,0.005580357142857142,0.0
Ethereum,2019-11-20,0.07274333008261581,-0.10292027417027418,0.008712121212121199
Ethereum,2019-11-21,0.1385370557022343,-0.004356060606060609,-0.027777777777777776
Ethereum,2019-11-22,0.04608465608465609,0.12250000000000001,0.175
Ethereum,2019-11-23,0.1338268849206349,0.1875,0.015625
Ethereum,2019-11-24,0.05,0.1,0.0
Litecoin,2019-01-01,0.15416666666666665,0.15416666666666665,0.16666666666666666
Litecoin,2019-01-02,0.21651034151034151,0.15996272246272245,0.31666666666666665
Litecoin,2019-01-04,0.0932857009245898,0.07797184811073699,0.11805555555555554
Litecoin,2019-01-05,0.3333333333333333,0.3333333333333333,0.0
Litecoin,2019-01-06,0.02209881553631553,0.10482157888407889,0.05138888888888888
Litecoin,2019-01-07,-0.01768983957219252,-5.551115123125783e-18,0.05
Litecoin,2019-01-08,0.08651515151515152,0.08901515151515152,0.03409090909090909
Litecoin,2019-01-09,0.1123139880952381,0.1123139880952381,0.09409722222222222
Litecoin,2019-01-10,0.03333333333333333,0.03333333333333333,-0.041666666666666664
Litecoin,2019-01-11,0.08666666666666667,0.08666666666666667,0.0
Litecoin,2019-01-12,0.10479166666666666,0.1130952380952381,0.046164021164021164
Litecoin,2019-01-13,0.0775378787878788,-0.0006565656565656608,0.03125
Litecoin,2019-01-14,-0.017474747474747483,-0.017474747474747483,0.04
Litecoin,2019-01-15,0.14055555555555554,0.14055555555555554,-0.16666666666666666
Litecoin,2019-01-16,0.17361842105263156,0.27,0.1
Litecoin,2019-01-17,0.175,0.175,0.0
Litecoin,2019-01-18,0.1125,0.1125,0.0
Litecoin,2019-01-19,0.08792558258018784,0.09589962121212121,0.0
Litecoin,2019-01-20,0.1375,0.1375,0.0
Litecoin,2019-01-21,0.07219497169497169,0.05966666666666666,-0.014999999999999996
Litecoin,2019-01-22,-0.041666666666666664,-0.041666666666666664,0.06818181818181818
Litecoin,2019-01-23,0.10509585652442796,0.10509585652442796,0.04931457431457431
Litecoin,2019-01-24,0.01633522727272727,0.01633522727272727,0.0321969696969697
Litecoin,2019-01-25,0.1402427401499758,0.14741511323143977,0.11850649350649352
Litecoin,2019-01-27,0.125,0.125,0.0
Litecoin,2019-01-28,0.04913419913419918,0.04913419913419918,0.07727272727272727
Litecoin,2019-01-29,0.06694302721088434,0.07585807050092763,0.03809523809523809
Litecoin,2019-01-30,0.18236111111111114,0.16959656084656083,0.0619047619047619
Litecoin,2019-01-31,0.3541666666666667,0.3541666666666667,0.26666666666666666
Litecoin,2019-02-01,0.047749068061568055,0.1361111111111111,-0.016666666666666663
Litecoin,2019-02-02,0.025,0.025,0.018750000000000003
Litecoin,2019-02-03,0.02407407407407407,0.033333333333333326,-0.375
Litecoin,2019-02-04,0.21439393939393941,0.21439393939393941,0.0
Litecoin,2019-02-05,0.17977272727272725,0.17977272727272725,0.08888888888888889
Litecoin,2019-02-06,0.023895903479236806,0.05324775533108866,-0.025462962962962965
Litecoin,2019-02-07,0.08148148148148149,0.10273042929292929,-0.06458333333333334
Litecoin,2019-02-08,0.12314446990917578,0.12902470078940667,0.011452762923351158
Litecoin,2019-02-09,0.12150673400673401,0.11719276094276093,0.09277777777777779
Litecoin,2019-02-10,0.09176567259900593,0.12183621933621937,0.15666666666666668
Litecoin,2019-02-11,0.04699074074074074,0.04699074074074074,-0.03194444444444445
Litecoin,2019-02-12,0.12339491857349,0.1761574074074074,0.07430555555555556
Litecoin,2019-02-13,0.08535254477665193,0.11397711663336665,0.03571428571428571
Litecoin,2019-02-14,0.058342013888888884,0.058342013888888884,0.0
Litecoin,2019-02-15,0.08161651234567902,0.06597222222222222,0.0
Litecoin,2019-02-16,0.6,0.6,0.25
Litecoin,2019-02-17,0.09077380952380952,0.09077380952380952,0.134375
Litecoin,2019-02-18,0.14381944444444442,0.14381944444444442,0.041666666666666664
Litecoin,2019-02-19,0.1703125,0.1703125,0.0
Litecoin,2019-02-20,0.034841269841269853,0.13620670995670997,0.08571428571428572
Litecoin,2019-02-21,0.12708333333333333,0.10833333333333334,0.025
Litecoin,2019-02-22,0.10625697880162165,0.13904145622895625,0.03828125
Litecoin,2019-02-23,0.08256060606060607,0.01583333333333333,0.22000000000000003
Litecoin,2019-02-24,0.01783080808080808,0.09755555555555555,-0.15250000000000002
Litecoin,2019-02-25,0.10409090909090908,0.2727272727272727,0.08333333333333333
Litecoin,2019-02-26,-0.05014204545454546,-0.05014204545454546,0.0375
Litecoin,2019-02-27,0.18606447124304265,0.09375,0.06412337662337662
Litecoin,2019-02-28,0.2885416666666667,0.2885416666666667,0.0
Litecoin,2019-03-01,0.02962962962962963,0.02962962962962963,0.015067340067340064
Litecoin,2019-03-02,0.16623949579831931,0.15930952380952382,0.13
Litecoin,2019-03-03,0.2542857142857143,0.2542857142857143,0.0
Litecoin,2019-03-04,0.0993661616161616,0.09960858585858585,0.1
Litecoin,2019-03-05,0.11496801346801348,0.11701707551707553,0.04398148148148148
Litecoin,2019-03-06,0.05437548562548563,0.06914335664335663,0.007692307692307691
Litecoin,2019-03-07,0.045898268398268396,0.045898268398268396,-0.04563492063492063
Litecoin,2019-03-08,-0.04352678571428571,-0.03802083333333334,0.0078125
Litecoin,2019-03-09,0.0373611111111111,0.051527777777777777,0.075
Litecoin,2019-03-10,0.25523088023088025,0.25523088023088025,0.2916666666666667
Litecoin,2019-03-11,0.03993298037190082,0.0016041666666666652,0.045454545454545456
Litecoin,2019-03-12,0.158229939703154,0.14669507575757576,0.06375
Litecoin,2019-03-13,0.0924084595959596,0.2833333333333333,0.061837121212121204
Litecoin,2019-03-14,0.21592913259579924,0.20317901234567898,0.0795959595959596
Litecoin,2019-03-15,0.04113088557533002,0.04168938057826948,-0.016666666666666666
Litecoin,2019-03-16,0.17608465608465607,0.14460317460317462,0.0625
Litecoin,2019-03-17,-0.013543127196732207,0.07539682539682539,0.2
Litecoin,2019-03-18,0.18206384637188208,0.16630704365079363,0.04583333333333334
Litecoin,2019-03-19,0.09999999999999999,0.08148148148148147,0.13333333333333333
Litecoin,2019-03-20,0.11717171717171715,0.11717171717171715,0.08333333333333333
Litecoin,2019-03-21,0.1609179154179154,0.20378787878787877,0.24545454545454545
Litecoin,2019-03-22,0.06,0.06,0.4
Litecoin,2019-03-23,0.2079656862745098,0.08252314814814816,0.20681818181818182
Litecoin,2019-03-25,0.0,0.0,0.0
Litecoin,2019-03-26,0.06193181818181818,0.06193181818181818,0.17916666666666667
Litecoin,2019-03-27,0.12443331423478483,0.13588636363636364,0.0
Litecoin,2019-03-28,0.07446969696969696,0.0,0.0
Litecoin,2019-03-29,-0.012187499999999997,-0.012187499999999997,0.240625
Litecoin,2019-03-30,0.41458333333333336,0.41458333333333336,0.3125
Litecoin,2019-03-31,0.09259320705749277,0.11235204081632652,-0.004464285714285714
Litecoin,2019-04-01,0.13243290043290046,0.10515909090909092,0.05113636363636363
Litecoin,2019-04-02,0.27899801587301587,0.3113492063492064,0.0
Litecoin,2019-04-03,0.17190109713919235,0.14979591836734693,0.04285714285714286
Litecoin,2019-04-04,0.07641645854145854,0.06037550412550412,0.06347610722610722
Litecoin,2019-04-05,0.09460537918871254,0.044682539682539685,0.18939393939393936
Litecoin,2019-04-06,0.219286272589844,0.219286272589844,0.08345358345358345
Litecoin,2019-04-07,0.07373377838024302,0.06924569771791994,0.07361111111111111
Litecoin,2019-04-08,0.228125,0.228125,0.0
Litecoin,2019-04-09,0.375,0.375,0.0
Litecoin,2019-04-10,0.06905284043441938,0.06816197691197691,0.27
Litecoin,2019-04-11,0.09115272266313933,0.07023499503968254,-0.05303819444444445
Litecoin,2019-04-12,0.033673574368018815,0.11875955320399763,0.1736111111111111
Litecoin,2019-04-13,0.1301685606060606,0.10412689393939394,0.08619318181818182
Litecoin,2019-04-14,0.14266666666666666,0.14266666666666666,0.19333333333333333
Litecoin,2019-04-15,0.10220033234739116,0.11277389277389276,0.03307692307692308
Litecoin,2019-04-16,0.08600525949590122,0.06768285799168153,0.06323232323232324
Litecoin,2019-04-17,0.28744318181818185,0.32140151515151516,0.1625
Litecoin,2019-04-18,0.13866334475709477,0.09966810966810967,0.11363636363636362
Litecoin,2019-04-19,0.13739583333333333,0.19583333333333336,0.05
Litecoin,2019-04-20,0.1784469696969697,0.2945714285714286,0.55
Litecoin,2019-04-21,0.1698063114134543,0.1527324263038549,0.049999999999999996
Litecoin,2019-04-22,0.10277777777777777,0.10277777777777777,0.011805555555555552
Litecoin,2019-04-23,0.07350333694083694,0.0666068722943723,-0.0875
Litecoin,2019-04-24,0.09016666666666669,0.09016666666666669,0.083
Litecoin,2019-04-25,0.12631944444444446,0.12631944444444446,-0.041666666666666664
Litecoin,2019-04-26,0.13027380952380954,0.11627380952380953,0.05
Litecoin,2019-04-27,0.04466666666666667,0.029060606060606065,0.1
Litecoin,2019-04-28,0.19113756613756613,0.20317460317460315,0.0
Litecoin,2019-04-29,-0.014457070707070724,-0.014457070707070724,-0.078125
Litecoin,2019-04-30,0.11750992063492065,0.04799382716049382,0.08333333333333333
Litecoin,2019-05-01,0.08246527777777779,0.08246527777777779,0.0
Litecoin,2019-05-02,0.09999999999999999,0.09999999999999999,0.0
Litecoin,2019-05-03,0.1925757575757576,0.1925757575757576,0.20000000000000004
Litecoin,2019-05-04,0.015178571428571427,0.2,0.0
Litecoin,2019-05-05,0.0,0.0,0.0
Litecoin,2019-05-06,0.09502026847421584,0.07964015151515151,0.029166666666666664
Litecoin,2019-05-07,0.127036951144094,0.127036951144094,0.15462962962962964
Litecoin,2019-05-08,0.07709504132231405,0.10268181818181821,0.014545454545454539
Litecoin,2019-05-09,0.11388734567901233,0.24380401234567903,0.08333333333333333
Litecoin,2019-05-10,0.05888966588966589,0.04434731934731934,0.04895104895104895
Litecoin,2019-05-11,0.0892153115981241,0.09377570346320345,0.06287878787878787
Litecoin,2019-05-12,-0.10500000000000001,-0.10500000000000001,0.13636363636363635
Litecoin,2019-05-13,0.04508694946733224,-0.009494047619047616,-0.03380681818181819
Litecoin,2019-05-14,0.12466156462585035,0.11476190476190477,-0.13999999999999999
Litecoin,2019-05-15,0.14412755440406955,0.0857165404040404,0.04583333333333334
Litecoin,2019-05-16,0.10396371452621452,0.08875090187590187,0.08472502805836139
Litecoin,2019-05-17,0.05965058750773037,0.19053030303030302,0.078125
Litecoin,2019-05-18,0.16254995004995004,-0.1,0.0
Litecoin,2019-05-19,-0.019047619047619046,0.4,0.0
Litecoin,2019-05-20,0.08263847263847264,0.06326923076923077,0.07307692307692307
Litecoin,2019-05-21,0.13762502848029165,0.11188311688311689,0.0014393939393939404
Litecoin,2019-05-22,0.11000000000000001,0.11000000000000001,-0.016666666666666666
Litecoin,2019-05-23,0.21432135737069946,0.22769097222222223,0.012499999999999997
Litecoin,2019-05-24,0.13923995911495912,0.17408333333333334,-0.0775
Litecoin,2019-05-25,0.13959061771561773,0.18181818181818182,0.0625
Litecoin,2019-05-27,0.10543312590187591,0.151206259018759,-0.007244318181818185
Litecoin,2019-05-28,0.24321693121693122,0.2746984126984127,0.14444444444444443
Litecoin,2019-05-29,0.10400397532750476,0.0981060606060606,-0.05308641975308643
Litecoin,2019-05-30,0.10575533489078257,0.13394857667584942,0.11336088154269973
Litecoin,2019-05-31,0.16904572940287224,0.08011904761904762,0.1623376623376623
Litecoin,2019-06-01,0.20851521164021167,0.19444444444444445,-0.022222222222222216
Litecoin,2019-06-02,0.4666666666666667,-0.25,0.0
Litecoin,2019-06-03,-0.0165206755050505,0.04838113275613275,-0.04318181818181818
Litecoin,2019-06-04,0.10393545751633985,0.061757575757575754,0.052000000000000005
Litecoin,2019-06-05,0.1031765873015873,-0.0027698412698412694,-0.058333333333333334
Litecoin,2019-06-06,0.04404210758377425,0.21537698412698414,0.0
Litecoin,2019-06-07,0.10354325606471988,0.10515624999999999,-0.005416666666666667
Litecoin,2019-06-08,0.04217236136878994,0.1331439393939394,0.07556517556517557
Litecoin,2019-06-09,0.13113997113997114,0.07954545454545454,-0.029021164021164027
Litecoin,2019-06-10,0.08143027497194162,0.13457070707070706,0.07083333333333333
Litecoin,2019-06-11,0.1304269956926049,0.17880768999519,0.028624368686868684
Litecoin,2019-06-12,0.09473378414710758,0.09118331128747797,0.025542929292929294
Litecoin,2019-06-13,0.07165023442030549,0.05272681566799214,0.02826797385620915
Litecoin,2019-06-14,0.10817036965290011,0.11638392857142858,0.13162878787878787
Litecoin,2019-06-15,0.0961763468013468,0.17924242424242423,0.0
Litecoin,2019-06-16,0.033666666666666664,0.033666666666666664,0.0
Litecoin,2019-06-17,0.14009144363443665,0.09580176767676767,0.07556818181818181
Litecoin,2019-06-18,0.057949767148321576,0.10335440573535812,0.0
Litecoin,2019-06-19,0.17207856039913205,0.2200713638213638,0.10752580752580752
Litecoin,2019-06-20,0.11701875901875902,0.14110606060606062,0.04840909090909091
Litecoin,2019-06-21,0.12471255596255597,0.17046296296296296,0.08333333333333333
Litecoin,2019-06-22,0.1934453958351017,0.03541666666666668,0.1424242424242424
Litecoin,2019-06-23,-0.009027777777777779,-0.08333333333333333,0.1
Litecoin,2019-06-24,0.08661735104669888,0.03104797979797979,0.4611111111111111
Litecoin,2019-06-25,-0.023880952380952385,-0.04791666666666666,-0.00625
Litecoin,2019-06-26,0.07386363636363637,-0.25,0.0
Litecoin,2019-06-27,0.12517939814814816,0.12625,0.03055555555555556
Litecoin,2019-06-28,0.03119370791245792,0.0375,0.016666666666666666
Litecoin,2019-06-29,-0.02136243386243386,-0.07645502645502646,-0.051851851851851864
Litecoin,2019-06-30,0.027860845295055822,0.09291666666666666,0.0
Litecoin,2019-07-01,0.03172706658420945,0.05472222222222222,0.020370370370370355
Litecoin,2019-07-02,0.12342171717171717,0.11994949494949496,0.04545454545454545
Litecoin,2019-07-03,0.0835330682389506,-0.01468253968253968,0.0
Litecoin,2019-07-04,0.10556285511363636,0.043229166666666666,0.043055555555555555
Litecoin,2019-07-05,0.07844139810806476,0.12570691609977325,0.13444444444444445
Litecoin,2019-07-06,0.088015873015873,0.08409090909090909,0.0
Litecoin,2019-07-08,0.017249999999999998,0.0,0.0
Litecoin,2019-07-09,0.006284722222222217,0.024999999999999994,0.05833333333333333
Litecoin,2019-07-11,0.18627450980392157,0.12222222222222223,0.0
Litecoin,2019-07-12,0.14528718503718505,0.051488095238095236,-0.041269841269841255
Litecoin,2019-07-13,0.0903508798300465,0.14488636363636365,0.0
Litecoin,2019-07-14,0.08014419993586659,0.08333333333333333,0.0
Litecoin,2019-07-15,0.055446636696636686,0.004398148148148147,-0.008928571428571428
Litecoin,2019-07-16,0.061769255050505054,0.3151515151515151,0.05
Litecoin,2019-07-17,0.07037607762607763,0.0961111111111111,0.0
Litecoin,2019-07-18,0.05828533496732026,0.07847222222222222,0.0
Litecoin,2019-07-19,0.12773358585858585,0.15150793650793648,0.0
Litecoin,2019-07-20,0.0,0.0,0.0
Litecoin,2019-07-21,0.15374503968253966,0.05357142857142857,0.0
Litecoin,2019-07-22,0.06442307692307693,0.4340909090909091,0.0
Litecoin,2019-07-23,0.027924654710368986,0.11158008658008657,0.25
Litecoin,2019-07-24,0.036959876543209876,0.1875,0.0
Litecoin,2019-07-25,0.35,0.35,0.0
Litecoin,2019-07-26,0.030857241886653647,0.22546296296296295,0.08333333333333333
Litecoin,2019-07-27,0.0637037037037037,-0.2,-0.125
Litecoin,2019-07-29,0.01734611767987618,0.07135204081632655,-0.05357142857142857
Litecoin,2019-07-30,0.04850625663670776,0.035136904761904744,0.013796296296296296
Litecoin,2019-07-31,0.08256430679456997,0.14880883666597952,0.10727272727272727
Litecoin,2019-08-01,0.11071441727134686,0.040230278980278984,0.041666666666666664
Litecoin,2019-08-02,-0.03857118099765159,-0.005105820105820109,0.0
Litecoin,2019-08-03,0.16002331002331,0.25,0.0
Litecoin,2019-08-04,0.009047720797720791,-0.07470899470899471,-0.03333333333333333
Litecoin,2019-08-05,0.04701664468010623,0.03819472194472195,0.13153846153846155
Litecoin,2019-08-06,0.1294782756925614,0.09490800865800865,0.12611832611832613
Litecoin,2019-08-07,0.031151826761201765,0.022169237012987012,0.009722222222222215
Litecoin,2019-08-08,0.10353846153846154,0.2,0.05
Litecoin,2019-08-09,0.14828736499191045,0.025261904761904767,-0.05
Litecoin,2019-08-10,0.07392406204906203,0.11416508838383838,-0.05
Litecoin,2019-08-11,0.22688697638146166,0.05520833333333333,-0.03333333333333333
Litecoin,2019-08-12,0.02248367497251426,0.057894420394420394,0.02
Litecoin,2019-08-13,0.042735690235690245,0.05315656565656566,0.08333333333333333
Litecoin,2019-08-14,0.07477387581554248,0.10746527777777778,-0.11666666666666667
Litecoin,2019-08-15,0.0293345088186358,0.09495050975871083,-0.0069444444444444415
Litecoin,2019-08-16,0.017023899396058487,-0.015497685185185187,0.06666666666666667
Litecoin,2019-08-17,0.01898806281771969,-0.03168079605579606,0.0
Litecoin,2019-08-18,0.019210858585858585,-0.01033950617283951,0.06666666666666667
Litecoin,2019-08-19,0.08338884880551546,0.016666666666666666,0.1111111111111111
Litecoin,2019-08-20,0.05653842787114846,-0.028142361111111118,-0.07500000000000001
Litecoin,2019-08-21,0.03423018888576164,0.15187499999999998,0.09375
Litecoin,2019-08-22,0.07255793226381461,-0.031450757575757576,-0.29166666666666663
Litecoin,2019-08-23,0.19580492424242424,0.08333333333333333,-0.038888888888888896
Litecoin,2019-08-24,0.24541666666666662,0.20999999999999996,-0.075
Litecoin,2019-08-25,0.11551606753812635,0.04375,0.0625
Litecoin,2019-08-26,0.13442261904761904,0.021443452380952382,0.10208333333333333
Litecoin,2019-08-27,0.04222044159544159,0.125,-0.125
Litecoin,2019-08-28,0.010519179894179893,0.02500000000000001,-0.038888888888888896
Litecoin,2019-08-30,0.05442030267111436,-0.021825396825396828,0.021164021164021163
Litecoin,2019-08-31,0.06538461538461539,0.1,0.0
Litecoin,2019-09-01,0.0826203002244669,0.11864583333333334,0.10555555555555556
Litecoin,2019-09-02,0.07930555555555556,0.09666666666666668,0.08
Litecoin,2019-09-03,0.042351851851851856,0.06527777777777778,0.06666666666666667
Litecoin,2019-09-04,0.14500000000000002,0.13,0.0
Litecoin,2019-09-05,0.008560349692119334,0.15939814814814815,-0.033333333333333305
Litecoin,2019-09-06,0.0937733585858586,-0.075,0.14375
Litecoin,2019-09-07,0.17454423918327663,0.20286195286195288,0.0
Litecoin,2019-09-09,0.11326340326340327,0.0637784090909091,0.0
Litecoin,2019-09-10,0.06778724747474747,0.31388888888888894,0.1787878787878788
Litecoin,2019-09-11,0.03929138661046555,0.03174603174603174,-0.038888888888888896
Litecoin,2019-09-12,0.04347505668934241,0.10135281385281385,0.017460317460317457
Litecoin,2019-09-13,0.13710412394622923,0.065625,0.125
Litecoin,2019-09-14,0.06593398268398268,0.006060606060606058,0.14375
Litecoin,2019-09-15,0.017381944444444443,0.009962962962962965,0.02
Litecoin,2019-09-16,0.10503162987683111,0.009577922077922074,0.0
Litecoin,2019-09-17,0.04039103835978836,0.03854166666666667,0.0
Litecoin,2019-09-18,0.0528712606837607,0.0024038461538461514,-0.04444444444444445
Litecoin,2019-09-19,0.10882101219930168,0.09815656565656566,0.0
Litecoin,2019-09-20,0.14792568542568543,0.0625,0.04971590909090909
Litecoin,2019-09-21,0.1255439814814815,0.19236111111111112,0.0
Litecoin,2019-09-22,0.04087301587301588,-0.25,-0.025
Litecoin,2019-09-23,0.05926573426573426,0.055952380952380955,-0.05555555555555555
Litecoin,2019-09-24,0.04590706669873337,-0.018639520202020202,-0.029305555555555557
Litecoin,2019-09-25,0.10972000466853409,0.15996957671957673,0.003944444444444445
Litecoin,2019-09-26,0.15270081716897285,0.11818181818181818,0.07056277056277058
Litecoin,2019-09-27,0.0695954940121607,0.07325757575757574,0.00527777777777777
Litecoin,2019-09-28,0.05063135607778465,0.09126984126984126,-0.17261904761904762
Litecoin,2019-09-29,0.032436490978157644,0.016999158249158236,0.013888888888888885
Litecoin,2019-09-30,-0.021118975597585223,-0.03333333333333333,0.0002525252525252516
Litecoin,2019-10-01,0.006969696969696974,0.07083333333333333,0.0
Litecoin,2019-10-02,0.03250753331635685,0.08074074074074074,-0.0010714285714285732
Litecoin,2019-10-03,0.0041872787706121,-0.024074074074074078,0.03333333333333333
Litecoin,2019-10-04,0.02021028603749192,0.07645833333333332,-0.05
Litecoin,2019-10-06,0.13359374999999998,0.024999999999999994,0.0
Litecoin,2019-10-07,0.016830065359477127,0.012499999999999997,0.225
Litecoin,2019-10-08,0.04783065400073074,0.02333333333333334,0.0
Litecoin,2019-10-09,-0.0705960648148148,-0.10369047619047618,0.18939393939393936
Litecoin,2019-10-10,0.0951351752822341,0.02272727272727272,0.0
Litecoin,2019-10-11,0.13987731481481483,0.05092592592592593,-0.275
Litecoin,2019-10-12,0.04744107744107744,0.013383838383838373,0.0
Litecoin,2019-10-13,0.11227522477522477,0.0,0.3
Litecoin,2019-10-14,0.07269986146609522,0.21685606060606058,0.024999999999999998
Litecoin,2019-10-15,0.04479245398242109,0.125,0.0
Litecoin,2019-10-16,0.03840930674264008,-0.05802469135802469,0.008333333333333337
Litecoin,2019-10-17,-0.0023412698412698402,-0.08125,0.0
Litecoin,2019-10-18,0.11785714285714285,0.225,0.1
Litecoin,2019-10-19,0.06807851239669421,-0.16333333333333333,0.0
Litecoin,2019-10-20,0.09695917508417508,0.04375,0.125
Litecoin,2019-10-22,0.025787710495246384,-0.03125,0.017045454545454544
Litecoin,2019-10-23,0.029104506604506603,0.04545454545454545,0.0
Litecoin,2019-10-24,0.03337739472867932,0.16796875,0.08333333333333333
Litecoin,2019-10-25,0.016620752984389347,0.0029201101928374652,0.0
Litecoin,2019-10-26,0.04285714285714286,0.04285714285714286,0.2
Litecoin,2019-10-27,0.11875000000000001,0.0,-0.15555555555555559
Litecoin,2019-10-28,0.09710493088782562,0.19941077441077443,0.022222222222222223
Litecoin,2019-10-29,0.08154040404040404,-0.005555555555555557,0.0
Litecoin,2019-10-30,0.1590909090909091,0.15000000000000002,0.0
Litecoin,2019-10-31,0.13087752525252525,0.0014880952380952328,0.024999999999999994
Litecoin,2019-11-01,0.01671957671957672,0.003333333333333327,0.13333333333333333
Litecoin,2019-11-02,-0.008181818181818174,-0.22499999999999998,0.0
Litecoin,2019-11-03,0.06982142857142858,0.2375,0.0
Litecoin,2019-11-04,0.12864583333333332,0.0,0.75
Litecoin,2019-11-05,0.02199867724867725,0.0324074074074074,0.19333333333333333
Litecoin,2019-11-06,0.02483660130718954,0.07500000000000001,0.0
Litecoin,2019-11-07,0.08714590964590964,0.015740740740740736,0.08333333333333333
Litecoin,2019-11-08,0.027276234567901233,0.01759259259259259,0.0
Litecoin,2019-11-09,0.07668350168350169,0.06973454785954787,-0.16666666666666666
Litecoin,2019-11-10,0.03128752436647173,-0.060416666666666674,0.0
Litecoin,2019-11-11,0.0034353956228956157,0.13333333333333333,0.2833333333333333
Litecoin,2019-11-12,0.02244444444444445,0.08,-0.6999999999999998
Litecoin,2019-11-13,0.06981856378915204,0.11761904761904765,0.034999999999999996
Litecoin,2019-11-14,0.07786190476190477,-0.06555555555555556,0.25
Litecoin,2019-11-15,-0.0014159451659451622,0.09194444444444444,0.25
Litecoin,2019-11-17,0.0652935606060606,0.090625,0.0
Litecoin,2019-11-18,0.1504595588235294,-0.14833333333333332,0.0
Litecoin,2019-11-19,0.10083333333333333,0.0,0.0
Litecoin,2019-11-20,0.07767857142857142,0.06666666666666667,0.0
Litecoin,2019-11-21,0.19083333333333335,-0.0625,-0.2
Litecoin,2019-11-22,0.245624632569077,0.06552469135802469,0.05333333333333334
Litecoin,2019-11-23,-0.03585858585858586,0.04,0.22727272727272727
